trade_date,series,open_price,high_price,low_price,prevclose_price,last_price,close_price,vwap,high_52w,low_52w,volume,turnover,number_trades,daily_return,price_change,intraday_volatility,month,year
2026-01-02,EQ,1049.40,1064.40,1047,1049.4,1061.1,1062.6,1057.6,1314.3,940.05,928577,982061017.40,36412,1.26,13.2,17.4,Jan,2026
2026-01-01,EQ,1048.20,1054.00,1040.1,1045.1,1047.7,1049.4,1048.4,1314.3,940.05,1219041,1278046851.20,34203,0.41,4.3,13.9,Jan,2026
2025-12-31,EQ,1048.70,1052.70,1035.2,1040.8,1045.1,1045.1,1045.99,1314.3,940.05,1426506,1492117477.00,37118,0.41,4.3,17.5,Dec,2025
2025-12-30,EQ,1069.00,1069.00,1032,1064.1,1046.6,1040.8,1040.64,1314.3,940.05,11581446,12052111156.20,148010,-2.19,-23.3,37,Dec,2025
2025-12-29,EQ,1074.30,1077.50,1059.8,1074.3,1062,1064.1,1069.24,1314.3,940.05,1406148,1503514231.50,42327,-0.95,-10.2,17.7,Dec,2025
2025-12-26,EQ,1081.50,1083.30,1068.4,1081.4,1073,1074.3,1073.26,1314.3,940.05,1266460,1359247037.40,33733,-0.66,-7.1,14.9,Dec,2025
2025-12-24,EQ,1074.00,1090.00,1070.2,1075.2,1080.1,1081.4,1083.76,1314.3,940.05,1033268,1119816956.40,48812,0.58,6.2,19.8,Dec,2025
2025-12-23,EQ,1081.80,1081.80,1065.2,1077.6,1075,1075.2,1074.65,1314.3,940.05,1304615,1402005504.70,40785,-0.22,-2.4,16.6,Dec,2025
2025-12-22,EQ,1079.20,1085.30,1072.4,1075.8,1075.1,1077.6,1079.02,1314.3,940.05,2093527,2258949520.10,93504,0.17,1.8,12.9,Dec,2025
2025-12-19,EQ,1066.50,1081.00,1061.1,1048.5,1076,1075.8,1072.23,1314.3,940.05,3285719,3523036832.80,78204,2.6,27.3,19.9,Dec,2025
2025-12-18,EQ,1030.00,1060.90,1026,1031.1,1048,1048.5,1044.37,1314.3,940.05,5152758,5381403108.10,91277,1.69,17.4,34.9,Dec,2025
2025-12-17,EQ,1070.10,1073.60,1024.9,1073,1033.2,1031.1,1037.59,1314.3,940.05,4268035,4428480578.60,93939,-3.9,-41.9,48.7,Dec,2025
2025-12-16,EQ,1089.00,1091.30,1068.3,1085.4,1070,1073,1078.78,1314.3,940.05,1444588,1558394981.60,64942,-1.14,-12.4,23,Dec,2025
2025-12-15,EQ,1081.30,1090.60,1064.5,1081.3,1083.5,1085.4,1077.85,1314.3,940.05,1632124,1759192434.80,56265,0.38,4.1,26.1,Dec,2025
2025-12-12,EQ,1082.80,1092.30,1077,1087.9,1080,1081.3,1081.45,1314.3,940.05,2245724,2428644377.20,66368,-0.61,-6.6,15.3,Dec,2025
2025-12-11,EQ,1077.00,1091.00,1074.2,1077.1,1089.1,1087.9,1083.84,1314.3,940.05,1209344,1310730829.50,38104,1,10.8,16.8,Dec,2025
2025-12-10,EQ,1075.90,1088.30,1067.1,1074.7,1080.5,1077.1,1079.04,1314.3,940.05,2353780,2539821906.30,64555,0.22,2.4,21.2,Dec,2025
2025-12-09,EQ,1079.40,1079.90,1061.1,1079.4,1075.6,1074.7,1070.7,1314.3,940.05,2945816,3154091257.20,87680,-0.44,-4.7,18.8,Dec,2025
2025-12-08,EQ,1103.90,1108.90,1072.5,1097.4,1077,1079.4,1082.62,1314.3,940.05,3014602,3263681953.60,104214,-1.64,-18,36.4,Dec,2025
2025-12-05,EQ,1083.90,1100.00,1075,1083.9,1100,1097.4,1090.84,1314.3,940.05,1799777,1963275786.90,52654,1.25,13.5,25,Dec,2025
2025-12-04,EQ,1087.00,1090.00,1070.1,1086,1081.2,1083.9,1077.73,1314.3,940.05,3037781,3273920722.20,75109,-0.19,-2.1,19.9,Dec,2025
2025-12-03,EQ,1118.00,1120.90,1077,1117.5,1085,1086,1090.97,1314.3,940.05,3801039,4146826495.50,81856,-2.82,-31.5,43.9,Dec,2025
2025-12-02,EQ,1125.40,1133.20,1113,1125.4,1119,1117.5,1118.38,1314.3,940.05,2206424,2467613704.80,76288,-0.7,-7.9,20.2,Dec,2025
2025-12-01,EQ,1164.00,1167.40,1117,1162.8,1131.8,1125.4,1137.42,1314.3,940.05,3436348,3908574649.90,86334,-3.22,-37.4,50.4,Dec,2025
2025-11-28,EQ,1156.10,1170.00,1153.1,1161.8,1162.2,1162.8,1163.52,1314.3,940.05,1637243,1904971004.70,72020,0.09,1,16.9,Nov,2025
2025-11-27,EQ,1171.60,1171.70,1155.5,1162.6,1161.4,1161.8,1161.39,1314.3,940.05,1423021,1652681868.40,60505,-0.07,-0.8,16.2,Nov,2025
2025-11-26,EQ,1158.30,1171.90,1154.7,1158.1,1162,1162.6,1164.4,1314.3,940.05,1121189,1305507915.40,61648,0.39,4.5,17.2,Nov,2025
2025-11-25,EQ,1169.00,1181.90,1151.1,1155.8,1152,1158.1,1163.47,1314.3,940.05,1966712,2288202188.00,67531,0.2,2.3,30.8,Nov,2025
2025-11-24,EQ,1183.90,1185.40,1150.1,1181.1,1153.1,1155.8,1162.52,1314.3,940.05,2825309,3284492203.00,73671,-2.14,-25.3,35.3,Nov,2025
2025-11-21,EQ,1160.00,1183.90,1160,1168.9,1179.1,1181.1,1175.94,1314.3,936.25,2258525,2655887287.00,94641,1.04,12.2,23.9,Nov,2025
2025-11-20,EQ,1166.00,1172.00,1147.9,1164.4,1168.8,1168.9,1160.59,1314.3,936.25,2784798,3232001481.30,55321,0.39,4.5,24.1,Nov,2025
2025-11-19,EQ,1115.00,1170.40,1104.9,1116.7,1164.7,1164.4,1153.78,1314.3,936.25,5964536,6881783312.50,137064,4.27,47.7,65.5,Nov,2025
2025-11-18,EQ,1141.40,1144.60,1112,1121.6,1115.2,1116.7,1123.7,1314.3,936.25,5778653,6493460456.90,98585,-0.44,-4.9,32.6,Nov,2025
2025-11-17,EQ,1105.00,1124.80,1091.7,1103.1,1122.2,1121.6,1110.18,1314.3,936.25,5102278,5664442639.10,122991,1.68,18.5,33.1,Nov,2025
2025-11-14,EQ,1093.70,1106.40,1085.3,1098,1101.9,1103.1,1099.68,1314.3,936.25,1658556,1823888307.50,57388,0.46,5.1,21.1,Nov,2025
2025-11-13,EQ,1103.90,1110.80,1090.6,1103.6,1098.7,1098,1101.78,1314.3,936.25,1468268,1617703046.20,53687,-0.51,-5.6,20.2,Nov,2025
2025-11-12,EQ,1124.90,1124.90,1075.1,1095.4,1109.9,1103.6,1096.02,1314.3,936.25,4463966,4892599537.60,126995,0.75,8.2,49.8,Nov,2025
2025-11-11,EQ,1103.30,1109.10,1081.9,1098,1096.5,1095.4,1091.27,1314.3,936.25,1779188,1941578541.10,72826,-0.24,-2.6,27.2,Nov,2025
2025-11-10,EQ,1141.30,1141.30,1096.4,1135.3,1099.8,1098,1110.92,1314.3,936.25,1933973,2148486490.70,56577,-3.29,-37.3,44.9,Nov,2025
2025-11-07,EQ,1126.00,1141.50,1120.1,1125.4,1136.1,1135.3,1128.37,1314.3,936.25,1796900,2027569103.30,52265,0.88,9.9,21.4,Nov,2025
2025-11-06,EQ,1119.10,1146.90,1118.5,1138.4,1128.8,1125.4,1129.15,1314.3,936.25,2545462,2874220015.80,75610,-1.14,-13,28.4,Nov,2025
2025-11-04,EQ,1149.10,1154.20,1132.5,1145.9,1139.5,1138.4,1142.93,1314.3,936.25,2176888,2488040177.80,49070,-0.65,-7.5,21.7,Nov,2025
2025-11-03,EQ,1146.70,1154.30,1128.9,1147.8,1152,1145.9,1142.08,1314.3,936.25,1669607,1906816564.30,49947,-0.17,-1.9,25.4,Nov,2025
2025-10-31,EQ,1167.80,1172.50,1143.7,1178.5,1149,1147.8,1155.11,1314.3,936.25,4276918,4940305533.10,63227,-2.61,-30.7,28.8,Oct,2025
2025-10-30,EQ,1186.50,1189.00,1172.3,1189.5,1176,1178.5,1176.79,1314.3,936.25,1187989,1398011034.40,43777,-0.92,-11,16.7,Oct,2025
2025-10-29,EQ,1185.00,1194.40,1181.7,1179.7,1190.4,1189.5,1188.58,1314.3,936.25,1516489,1802467254.90,42728,0.83,9.8,12.7,Oct,2025
2025-10-28,EQ,1186.30,1192.60,1172.1,1186.4,1187.9,1179.7,1180.17,1314.3,936.25,1810857,2137117592.40,61211,-0.56,-6.7,20.5,Oct,2025
2025-10-27,EQ,1180.00,1188.40,1175.5,1184.1,1187,1186.4,1182.82,1314.3,936.25,979181,1158198230.10,41926,0.19,2.3,12.9,Oct,2025
2025-10-24,EQ,1213.70,1213.70,1181.5,1211,1183.7,1184.1,1190.67,1314.3,888.9,858989,1022775027.60,35718,-2.22,-26.9,32.2,Oct,2025
2025-10-23,EQ,1200.00,1221.90,1197,1204,1210.1,1211,1213.25,1314.3,888.9,2981438,3617241373.50,117097,0.58,7,24.9,Oct,2025
2025-10-21,EQ,1214.90,1217.80,1201,1209.6,1204.1,1204,1210.33,1314.3,888.9,131329,158952034.80,6915,-0.46,-5.6,16.8,Oct,2025
2025-10-20,EQ,1211.90,1217.60,1203,1202.7,1208.6,1209.6,1209.31,1314.3,888.9,2133962,2580618863.10,78989,0.57,6.9,14.6,Oct,2025
2025-10-17,EQ,1188.00,1212.80,1178.7,1175.3,1201,1202.7,1195.03,1314.3,888.9,5239734,6261650710.00,105852,2.33,27.4,34.1,Oct,2025
2025-10-16,EQ,1161.40,1177.40,1159,1155.8,1175,1175.3,1169.46,1314.3,888.9,2364667,2765384750.80,69685,1.69,19.5,18.4,Oct,2025
2025-10-15,EQ,1161.50,1172.70,1154.3,1161.5,1158,1155.8,1163.79,1314.3,888.9,1762144,2050771653.50,62089,-0.49,-5.7,18.4,Oct,2025
2025-10-14,EQ,1149.00,1165.00,1141.6,1143.3,1159.5,1161.5,1155.83,1314.3,888.9,1965357,2271624565.00,65605,1.59,18.2,23.4,Oct,2025
2025-10-13,EQ,1154.00,1169.30,1140,1156.4,1143.9,1143.3,1147.62,1314.3,888.9,2376338,2727121287.00,64570,-1.13,-13.1,29.3,Oct,2025
2025-10-10,EQ,1156.00,1163.00,1139.2,1155.8,1155.5,1156.4,1154.62,1314.3,888.9,2722755,3143753968.40,50399,0.05,0.6,23.8,Oct,2025
2025-10-09,EQ,1148.00,1163.00,1131.7,1144.4,1155.8,1155.8,1155.67,1314.3,888.9,3052853,3528098006.50,65085,1,11.4,31.3,Oct,2025
2025-10-08,EQ,1130.00,1147.40,1128,1130.7,1143.8,1144.4,1139.39,1314.3,888.9,3169556,3611347823.20,84409,1.21,13.7,19.4,Oct,2025
2025-10-07,EQ,1134.00,1140.00,1115,1139.7,1128,1130.7,1130.88,1314.3,888.9,3577437,4045638542.00,88011,-0.79,-9,25,Oct,2025
2025-10-06,EQ,1101.00,1144.70,1093.3,1069.2,1137,1139.7,1121.22,1314.3,888.9,8494611,9524294985.70,165636,6.59,70.5,51.4,Oct,2025
2025-10-03,EQ,1098.00,1110.30,1060,1113.2,1070,1069.2,1074.3,1314.3,888.9,5969792,6413336771.00,149202,-3.95,-44,50.3,Oct,2025
2025-10-01,EQ,1119.70,1121.20,1107.1,1114.7,1111.9,1113.2,1116.18,1314.3,888.9,3266312,3645805168.40,58482,-0.13,-1.5,14.1,Oct,2025
2025-09-30,EQ,1115.70,1127.60,1108,1112,1120,1114.7,1118.31,1314.3,888.9,5570839,6229932905.40,94061,0.24,2.7,19.6,Sep,2025
2025-09-29,EQ,1134.60,1139.50,1103.6,1123.4,1105,1112,1114.16,1314.3,888.9,48051997,53537505693.20,242623,-1.01,-11.4,35.9,Sep,2025
2025-09-26,EQ,1135.00,1136.90,1107,1137.7,1124.8,1123.4,1123.04,1314.3,888.9,2327943,2614376513.90,65591,-1.26,-14.3,29.9,Sep,2025
2025-09-25,EQ,1138.40,1144.90,1133.9,1133.2,1142.3,1137.7,1138.57,1314.3,888.9,5022322,5718253006.10,80800,0.4,4.5,11,Sep,2025
2025-09-24,EQ,1154.00,1157.00,1125.3,1157,1135,1133.2,1136,1314.3,888.9,3419746,3884819269.90,72740,-2.06,-23.8,31.7,Sep,2025
2025-09-23,EQ,1174.70,1175.00,1149,1171.6,1154.7,1157,1155.87,1314.3,888.9,4729220,5466354539.40,57596,-1.25,-14.6,26,Sep,2025
2025-09-22,EQ,1165.90,1179.60,1160.6,1159.7,1172,1171.6,1170.97,1314.3,888.9,3370928,3947267136.30,107153,1.03,11.9,19,Sep,2025
2025-09-19,EQ,1170.00,1176.40,1151.2,1173.4,1161.5,1159.7,1159.23,1314.3,888.9,4839925,5610591790.30,69296,-1.17,-13.7,25.2,Sep,2025
2025-09-18,EQ,1145.10,1176.70,1145.1,1153.8,1173,1173.4,1162.92,1314.3,888.9,3746782,4357203809.60,83180,1.7,19.6,31.6,Sep,2025
2025-09-17,EQ,1162.50,1166.50,1141.3,1158.7,1154.6,1153.8,1150.34,1314.3,888.9,4160131,4785568452.40,77635,-0.42,-4.9,25.2,Sep,2025
2025-09-16,EQ,1161.00,1173.20,1148.1,1175.4,1162.4,1158.7,1157.5,1314.3,888.9,4075700,4717605948.50,85786,-1.42,-16.7,25.1,Sep,2025
2025-09-15,EQ,1184.20,1186.90,1171.3,1184.2,1175.4,1175.4,1176.4,1314.3,888.9,2376299,2795476378.60,46539,-0.74,-8.8,15.6,Sep,2025
2025-09-12,EQ,1184.00,1187.70,1171.3,1179.3,1181.9,1184.2,1179.57,1314.3,873.5,2487969,2934724575.80,103209,0.42,4.9,16.4,Sep,2025
2025-09-11,EQ,1168.50,1181.00,1168,1180.7,1178,1179.3,1176.28,1314.3,873.5,1837622,2161566309.50,42192,-0.12,-1.4,13,Sep,2025
2025-09-10,EQ,1158.80,1184.00,1155,1152.9,1180,1180.7,1173.11,1314.3,873.5,3661895,4295815220.10,140203,2.41,27.8,29,Sep,2025
2025-09-09,EQ,1153.00,1159.10,1140.3,1149.6,1152.6,1152.9,1147.93,1314.3,873.5,1790082,2054889331.70,46090,0.29,3.3,18.8,Sep,2025
2025-09-08,EQ,1174.50,1174.50,1146.5,1170,1148.5,1149.6,1159.58,1314.3,873.5,1316394,1526462779.10,38936,-1.74,-20.4,28,Sep,2025
2025-09-05,EQ,1169.90,1171.60,1159,1160.2,1166,1170,1166.7,1314.3,860.25,1271671,1483654959.90,33635,0.84,9.8,12.6,Sep,2025
2025-09-04,EQ,1189.00,1189.00,1156.9,1162,1160.4,1160.2,1166.09,1314.3,860.25,1797984,2096618527.10,46781,-0.15,-1.8,32.1,Sep,2025
2025-09-03,EQ,1160.00,1165.60,1150.6,1161.8,1160,1162,1156.89,1314.3,860.25,1922382,2223990300.20,66329,0.02,0.2,15,Sep,2025
2025-09-02,EQ,1185.00,1185.00,1151.4,1181.2,1158.8,1161.8,1162.96,1314.3,860.25,3028687,3522234621.20,69872,-1.64,-19.4,33.6,Sep,2025
2025-09-01,EQ,1154.30,1186.00,1153.9,1154.3,1180.9,1181.2,1179.89,1314.3,860.25,1720121,2029559675.30,56456,2.33,26.9,32.1,Sep,2025
2025-08-29,EQ,1151.00,1173.90,1147.6,1160.2,1150,1154.3,1160.29,1314.3,836.6,1977662,2294666736.10,81785,-0.51,-5.9,26.3,Aug,2025
2025-08-28,EQ,1196.00,1196.00,1152.4,1183.4,1160,1160.2,1162.13,1314.3,836.6,4412704,5128118970.80,134370,-1.96,-23.2,43.6,Aug,2025
2025-08-26,EQ,1212.00,1217.80,1177.4,1221.4,1184,1183.4,1189.11,1314.3,836.6,4500351,5351417141.20,122583,-3.11,-38,40.4,Aug,2025
2025-08-25,EQ,1240.00,1252.50,1211.2,1234.7,1220,1221.4,1223.1,1314.3,836.6,1637753,2003141457.80,53269,-1.08,-13.3,41.3,Aug,2025
2025-08-22,EQ,1255.00,1255.00,1228.1,1250.1,1229.9,1234.7,1239.79,1314.3,836.6,1488893,1845920494.40,51563,-1.23,-15.4,26.9,Aug,2025
2025-08-21,EQ,1239.80,1256.00,1229.1,1225.6,1249,1250.1,1246.18,1314.3,836.6,2051298,2556284750.30,93934,2,24.5,26.9,Aug,2025
2025-08-20,EQ,1227.80,1234.00,1210.9,1229.4,1228,1225.6,1223.54,1314.3,836.6,1779980,2177884654.90,63533,-0.31,-3.8,23.1,Aug,2025
2025-08-19,EQ,1212.60,1236.80,1208,1211.6,1233,1229.4,1224.39,1314.3,836.6,2076532,2542479126.20,78469,1.47,17.8,28.8,Aug,2025
2025-08-18,EQ,1216.10,1233.00,1206.6,1220.7,1218,1211.6,1217.12,1314.3,836.6,2557331,3112577447.90,92345,-0.75,-9.1,26.4,Aug,2025
2025-08-14,EQ,1275.00,1275.00,1204.1,1267.1,1216.1,1220.7,1223.28,1314.3,836.6,5657114,6920256898.50,154135,-3.66,-46.4,70.9,Aug,2025
2025-08-13,EQ,1270.00,1301.70,1251.4,1260.6,1267.6,1267.1,1276.85,1314.3,836.6,3268236,4173062586.20,105843,0.52,6.5,50.3,Aug,2025
2025-08-12,EQ,1268.00,1276.40,1256,1263.3,1262.5,1260.6,1265.02,1314.3,836.6,740292,936484773.50,45691,-0.21,-2.7,20.4,Aug,2025
2025-08-11,EQ,1245.30,1270.60,1243.3,1245.3,1261,1263.3,1261.25,1314.3,836.6,807096,1017952126.80,44008,1.45,18,27.3,Aug,2025
2025-08-08,EQ,1265.00,1271.40,1242.3,1265.9,1245.6,1245.3,1251.5,1314.3,836.6,548971,687037196.00,27197,-1.63,-20.6,29.1,Aug,2025
2025-08-07,EQ,1260.00,1272.10,1240.6,1271.1,1263,1265.9,1253.74,1314.3,836.6,2365386,2965583168.60,52237,-0.41,-5.2,31.5,Aug,2025
2025-08-06,EQ,1289.90,1289.90,1256.1,1273.9,1271,1271.1,1267.68,1314.3,836.6,1095951,1389320389.50,51766,-0.22,-2.8,33.8,Aug,2025
2025-08-05,EQ,1245.60,1280.00,1237.5,1250.4,1268.5,1273.9,1265.11,1314.3,836.6,1607681,2033892169.10,55017,1.88,23.5,42.5,Aug,2025
2025-08-04,EQ,1253.60,1256.00,1235.3,1246,1252,1250.4,1247.64,1314.3,836.6,718743,896733817.10,32752,0.35,4.4,20.7,Aug,2025
2025-08-01,EQ,1245.00,1258.20,1239,1246,1240,1246,1248.36,1314.3,836.6,932679,1164320009.70,39854,0,0,19.2,Aug,2025
2025-07-31,EQ,1240.00,1270.80,1235.6,1264.6,1250,1246,1250.91,1314.3,836.6,2265597,2834055412.50,77553,-1.47,-18.6,35.2,Jul,2025
2025-07-30,EQ,1275.20,1276.70,1253,1274.3,1265.2,1264.6,1262.09,1314.3,836.6,875446,1104892696.00,47735,-0.76,-9.7,23.7,Jul,2025
2025-07-29,EQ,1256.00,1278.00,1251,1257.4,1271.4,1274.3,1268.34,1314.3,836.6,1643450,2084451757.40,93424,1.34,16.9,27,Jul,2025
2025-07-28,EQ,1275.20,1282.90,1229,1280.5,1259,1257.4,1253.97,1314.3,836.6,2930792,3675132499.30,119155,-1.8,-23.1,53.9,Jul,2025
2025-07-25,EQ,1261.20,1284.60,1255,1267.4,1282,1280.5,1270.79,1314.3,836.6,3090257,3927062733.40,74459,1.03,13.1,29.6,Jul,2025
2025-07-24,EQ,1261.60,1288.80,1258.8,1255.4,1267,1267.4,1274.78,1314.3,836.6,2393751,3051509542.10,85930,0.96,12,30,Jul,2025
2025-07-23,EQ,1209.90,1258.00,1209.9,1218.8,1256,1255.4,1242.65,1314.3,836.6,1364458,1695538527.60,56734,3,36.6,48.1,Jul,2025
2025-07-22,EQ,1229.80,1229.80,1207.5,1218.2,1220,1218.8,1218.82,1314.3,836.6,1896694,2311724462.60,60806,0.05,0.6,22.3,Jul,2025
2025-07-21,EQ,1217.40,1226.50,1201,1215.7,1216.4,1218.2,1217.1,1314.3,836.6,1633631,1988291813.80,76214,0.21,2.5,25.5,Jul,2025
2025-07-18,EQ,1241.50,1249.10,1213.1,1243.6,1216.2,1215.7,1218.15,1314.3,836.6,2382955,2902788101.60,62715,-2.24,-27.9,36,Jul,2025
2025-07-17,EQ,1276.00,1276.00,1238.8,1266.2,1241.9,1243.6,1251.63,1314.3,836.6,1238628,1550302981.60,40892,-1.78,-22.6,37.2,Jul,2025
2025-07-16,EQ,1262.50,1278.00,1256.4,1261.1,1263,1266.2,1268.06,1314.3,836.6,1352972,1715645873.50,46735,0.4,5.1,21.6,Jul,2025
2025-07-15,EQ,1256.00,1263.60,1240.8,1249.6,1261,1261.1,1255.04,1314.3,836.6,824627,1034942246.00,39414,0.92,11.5,22.8,Jul,2025
2025-07-14,EQ,1230.00,1263.20,1220,1219.2,1251.8,1249.6,1247.34,1314.3,836.6,1968679,2455616972.70,67437,2.49,30.4,43.2,Jul,2025
2025-07-11,EQ,1249.70,1251.50,1215.5,1251.6,1219.9,1219.2,1224.56,1314.3,836.6,2348913,2876392664.00,112983,-2.59,-32.4,36,Jul,2025
2025-07-10,EQ,1240.00,1255.00,1229,1247.4,1250.6,1251.6,1242.89,1314.3,836.6,1822565,2265249320.50,86019,0.34,4.2,26,Jul,2025
2025-07-09,EQ,1291.00,1300.80,1245,1295.7,1246,1247.4,1262.34,1314.3,836.6,1996494,2520256967.40,79758,-3.73,-48.3,55.8,Jul,2025
2025-07-08,EQ,1303.90,1310.80,1287.1,1299.6,1300,1295.7,1297.62,1314.3,836.6,1351691,1753978045.30,60988,-0.3,-3.9,23.7,Jul,2025
2025-07-07,EQ,1303.10,1305.00,1289.4,1298.2,1296.1,1299.6,1299.67,1314.3,836.6,639489,831122294.30,37816,0.11,1.4,15.6,Jul,2025
2025-07-04,EQ,1306.80,1314.30,1286,1301.4,1296.4,1298.2,1300.24,1314.3,836.6,1062360,1381325724.00,60244,-0.25,-3.2,28.3,Jul,2025
2025-07-03,EQ,1279.00,1308.60,1279,1284.8,1305,1301.4,1300.18,1308.6,836.6,2615624,3400783111.20,70391,1.29,16.6,29.6,Jul,2025
2025-07-02,EQ,1269.20,1299.00,1254.3,1279.7,1292,1284.8,1279.5,1307.9,836.6,1534237,1963054417.40,53413,0.4,5.1,44.7,Jul,2025
2025-07-01,EQ,1285.00,1307.90,1271.6,1276,1280.4,1279.7,1284.65,1307.9,836.6,2067169,2655592238.20,80829,0.29,3.7,36.3,Jul,2025
2025-06-30,EQ,1284.50,1296.80,1271.1,1279.3,1275,1276,1278.55,1296.8,836.6,1890046,2416520638.10,111941,-0.26,-3.3,25.7,Jun,2025
2025-06-27,EQ,1270.00,1296.80,1255.1,1266.5,1275.1,1279.3,1279.8,1296.8,836.6,9937898,12718534629.30,173008,1.01,12.8,41.7,Jun,2025
2025-06-26,EQ,1250.00,1275.00,1241.7,1239,1266.6,1266.5,1261.67,1275,836.6,4025154,5078431870.20,112617,2.22,27.5,33.3,Jun,2025
2025-06-25,EQ,1191.50,1242.90,1190,1198.3,1238.3,1239,1225.84,1256.2,836.6,2283980,2799789097.20,59802,3.4,40.7,52.9,Jun,2025
2025-06-24,EQ,1209.00,1211.90,1183.1,1190.2,1200,1198.3,1197.36,1256.2,836.6,1627319,1948487617.20,88665,0.68,8.1,28.8,Jun,2025
2025-06-23,EQ,1202.10,1208.90,1185.5,1213.8,1189.5,1190.2,1196.79,1256.2,836.6,1344872,1609532042.10,69508,-1.94,-23.6,23.4,Jun,2025
2025-06-20,EQ,1162.90,1220.60,1155.6,1163,1206,1213.8,1204.02,1256.2,836.6,2991004,3601224214.00,93107,4.37,50.8,65,Jun,2025
2025-06-19,EQ,1186.00,1190.00,1152.7,1181.7,1160,1163,1165.34,1256.2,836.6,1791898,2088175319.90,76035,-1.58,-18.7,37.3,Jun,2025
2025-06-18,EQ,1229.80,1229.90,1179.6,1226.8,1183.8,1181.7,1197.01,1256.2,836.6,1800017,2154630098.30,63922,-3.68,-45.1,50.3,Jun,2025
2025-06-17,EQ,1254.30,1256.20,1220.9,1246.8,1223,1226.8,1240.65,1256.2,836.6,1940493,2407464181.70,66871,-1.6,-20,35.3,Jun,2025
2025-06-16,EQ,1245.20,1250.00,1220.4,1232.8,1246.9,1246.8,1240.46,1250,836.6,1884937,2338197604.90,53070,1.14,14,29.6,Jun,2025
2025-06-13,EQ,1196.40,1239.50,1178.3,1202.2,1236.5,1232.8,1221.99,1239.5,799.2,2935076,3586624729.50,113234,2.55,30.6,61.2,Jun,2025
2025-06-12,EQ,1191.60,1218.70,1185,1187.1,1199,1202.2,1208.83,1227.95,799.2,3523948,4259843146.10,114815,1.27,15.1,33.7,Jun,2025
2025-06-11,EQ,1185.00,1201.80,1182.8,1182.5,1184.8,1187.1,1191.16,1227.95,799.2,1692374,2015887506.50,69277,0.39,4.6,19,Jun,2025
2025-06-10,EQ,1198.70,1203.90,1175.2,1194.6,1178,1182.5,1184.82,1227.95,799.2,959783,1137173056.00,43027,-1.01,-12.1,28.7,Jun,2025
2025-06-09,EQ,1177.00,1196.80,1161.1,1168.2,1192.6,1194.6,1185.7,1227.95,799.2,1363561,1616768501.00,74372,2.26,26.4,35.7,Jun,2025
2025-06-06,EQ,1142.80,1169.20,1127,1137.4,1168.4,1168.2,1155.5,1227.95,747.3,1026507,1186123742.20,40876,2.71,30.8,42.2,Jun,2025
2025-06-05,EQ,1153.20,1154.60,1134,1148.6,1137.2,1137.4,1141.81,1227.95,747.3,1294519,1478092153.70,57344,-0.98,-11.2,20.6,Jun,2025
2025-06-04,EQ,1137.00,1154.20,1135,1138.9,1145.6,1148.6,1144.06,1227.95,747.3,1300977,1488395787.20,39517,0.85,9.7,19.2,Jun,2025
2025-06-03,EQ,1164.00,1169.90,1136.6,1151.6,1139.8,1138.9,1150.25,1227.95,747.3,1298389,1493474649.50,63967,-1.1,-12.7,33.3,Jun,2025
2025-06-02,EQ,1129.50,1159.60,1122.4,1125.2,1152,1151.6,1149.7,1227.95,747.3,1633598,1878151798.60,72258,2.35,26.4,37.2,Jun,2025
2025-05-30,EQ,1138.00,1146.20,1121.1,1135.2,1125,1125.2,1130.75,1227.95,743.1,3302191,3733942160.60,61997,-0.88,-10,25.1,May,2025
2025-05-29,EQ,1149.00,1154.70,1124.4,1149,1144.5,1135.2,1133.89,1227.95,743.1,1437093,1629510264.00,61307,-1.2,-13.8,30.3,May,2025
2025-05-28,EQ,1157.50,1171.30,1142.1,1159.4,1146.1,1149,1156.66,1227.95,743.1,1271583,1470792422.20,42110,-0.9,-10.4,29.2,May,2025
2025-05-27,EQ,1184.00,1187.80,1153.1,1174.1,1160.4,1159.4,1164.8,1227.95,743.1,1530237,1782418070.00,84327,-1.25,-14.7,34.7,May,2025
2025-05-26,EQ,1170.00,1191.90,1170,1177.1,1172.4,1174.1,1178.2,1227.95,743.1,1047297,1233927306.10,52309,-0.25,-3,21.9,May,2025
2025-05-23,EQ,1140.10,1180.80,1139.5,1148.2,1177.6,1177.1,1165.46,1227.95,743.1,1221229,1423297326.00,74809,2.52,28.9,41.3,May,2025
2025-05-22,EQ,1144.80,1154.00,1118.3,1142.1,1150.7,1148.2,1139.5,1227.95,743.1,1302948,1484712298.40,55412,0.53,6.1,35.7,May,2025
2025-05-21,EQ,1171.90,1178.20,1130.6,1164.7,1144,1142.1,1151.17,1227.95,743.1,2080995,2395568629.10,87917,-1.94,-22.6,47.6,May,2025
2025-05-20,EQ,1183.00,1190.00,1136.1,1188,1170.8,1164.7,1155.98,1227.95,743.1,3803892,4397219310.50,97476,-1.96,-23.3,53.9,May,2025
2025-05-19,EQ,1174.80,1191.90,1168.3,1167.1,1187.2,1188,1185.03,1227.95,743.1,2197092,2603620427.60,47439,1.79,20.9,23.6,May,2025
2025-05-16,EQ,1195.70,1196.90,1158.6,1186.5,1168.9,1167.1,1171.46,1227.95,743.1,932452,1092328770.40,37784,-1.64,-19.4,38.3,May,2025
2025-05-15,EQ,1176.50,1204.00,1174.9,1176.6,1190.1,1186.5,1192.95,1227.95,743.1,3798282,4531158574.80,78796,0.84,9.9,29.1,May,2025
2025-05-14,EQ,1149.00,1183.00,1149,1172,1179,1176.6,1173.55,1227.95,743.1,1476973,1733299022.40,63557,0.39,4.6,34,May,2025
2025-05-13,EQ,1159.90,1178.20,1152.1,1159.9,1173,1172,1169.14,1227.95,743.1,1325278,1549439525.80,59547,1.04,12.1,26.1,May,2025
2025-05-12,EQ,1143.00,1167.80,1131,1127.7,1160.5,1159.9,1152.59,1227.95,743.1,2466795,2843208002.00,73796,2.86,32.2,36.8,May,2025
2025-05-09,EQ,1091.30,1130.90,1090,1111.8,1124,1127.7,1121.49,1227.95,743.1,2242389,2514809744.80,64919,1.43,15.9,40.9,May,2025
2025-05-08,EQ,1160.00,1160.00,1101,1152,1105.9,1111.8,1123.15,1227.95,743.1,1621270,1820930534.70,73583,-3.49,-40.2,59,May,2025
2025-05-07,EQ,1123.00,1168.00,1123,1156,1148.9,1152,1151.56,1227.95,743.1,1389882,1600527701.70,62458,-0.35,-4,45,May,2025
2025-05-06,EQ,1139.90,1171.00,1133.5,1131.7,1157,1156,1161.57,1227.95,743.1,5109749,5935346053.70,108511,2.15,24.3,37.5,May,2025
2025-05-05,EQ,1109.00,1139.90,1100.1,1089.8,1132.6,1131.7,1124.52,1227.95,743.1,2847994,3202631940.20,98340,3.84,41.9,39.8,May,2025
2025-05-02,EQ,1086.30,1126.00,1082,1098.2,1091.3,1089.8,1099.87,1227.95,743.1,1297288,1426847266.00,84641,-0.76,-8.4,44,May,2025
2025-04-30,EQ,1124.90,1124.90,1088.6,1107.4,1097.6,1098.2,1101.86,1227.95,743.1,2112594,2327777142.60,66827,-0.83,-9.2,36.3,Apr,2025
2025-04-29,EQ,1110.00,1119.10,1100.7,1099.8,1106,1107.4,1110.27,1227.95,743.1,1483430,1647014311.00,54592,0.69,7.6,18.4,Apr,2025
2025-04-28,EQ,1068.00,1103.60,1066.2,1067.4,1100.2,1099.8,1091,1227.95,743.1,2000264,2182289800.20,44772,3.04,32.4,37.4,Apr,2025
2025-04-25,EQ,1121.00,1125.00,1059.1,1108.4,1065.7,1067.4,1080.84,1227.95,743.1,2532226,2736936449.80,66781,-3.7,-41,65.9,Apr,2025
2025-04-24,EQ,1136.90,1136.90,1097.7,1129.6,1106,1108.4,1108.98,1227.95,743.1,1802546,1998983971.90,75364,-1.88,-21.2,39.2,Apr,2025
2025-04-23,EQ,1144.40,1149.90,1110.1,1128.7,1129.1,1129.6,1128.91,1227.95,743.1,1944908,2195623858.00,67871,0.08,0.9,39.8,Apr,2025
2025-04-22,EQ,1079.90,1137.90,1068.8,1073,1129.5,1128.7,1116.48,1227.95,743.1,3872495,4323564482.40,84790,5.19,55.7,69.1,Apr,2025
2025-04-21,EQ,1095.00,1095.00,1066.5,1084.4,1071.5,1073,1075.14,1227.95,743.1,2070163,2225714965.90,88314,-1.05,-11.4,28.5,Apr,2025
2025-04-17,EQ,1074.00,1088.40,1063,1077.5,1083.3,1084.4,1077.15,1227.95,743.1,2992562,3223436791.80,69610,0.64,6.9,25.4,Apr,2025
2025-04-16,EQ,1084.00,1088.00,1067,1074.1,1075.1,1077.5,1077.97,1227.95,743.1,1947807,2099677270.30,53073,0.32,3.4,21,Apr,2025
2025-04-15,EQ,1092.50,1100.00,1060.4,1089.3,1072.4,1074.1,1075.37,1227.95,743.1,4024878,4328243205.10,137279,-1.4,-15.2,39.6,Apr,2025
2025-04-11,EQ,1090.00,1120.65,1083.35,1123.15,1089.95,1089.3,1096.52,1227.95,743.1,3025861,3317903698.75,92460,-3.01,-33.85,37.3,Apr,2025
2025-04-09,EQ,1095.00,1127.90,1072.9,1073.45,1117,1123.15,1108.46,1227.95,743.1,2739663,3036809191.45,104399,4.63,49.7,55,Apr,2025
2025-04-08,EQ,1116.20,1116.20,1067.25,1075.5,1074.9,1073.45,1086.95,1227.95,743.1,3121751,3393190215.85,88641,-0.19,-2.05,48.95,Apr,2025
2025-04-07,EQ,1085.20,1114.90,1065.05,1137.65,1084,1075.5,1082.97,1227.95,743.1,3917172,4242190316.95,96691,-5.46,-62.15,49.85,Apr,2025
2025-04-04,EQ,1129.65,1149.90,1115.05,1121.3,1133.25,1137.65,1134.73,1227.95,743.1,3280000,3721928810.35,104440,1.46,16.35,34.85,Apr,2025
2025-04-03,EQ,1094.85,1124.30,1094.5,1094.75,1117.9,1121.3,1110.67,1227.95,743.1,1442279,1601889128.25,62907,2.43,26.55,29.8,Apr,2025
2025-04-02,EQ,1094.10,1099.15,1079.7,1083.6,1090.8,1094.75,1092.57,1227.95,743.1,873303,954142367.75,41515,1.03,11.15,19.45,Apr,2025
2025-04-01,EQ,1106.00,1123.15,1079.4,1096.95,1084.75,1083.6,1096.22,1227.95,743.1,1308510,1434409134.45,65468,-1.22,-13.35,43.75,Apr,2025
2025-03-28,EQ,1131.40,1164.65,1090.55,1129.4,1102,1096.95,1102.62,1227.95,737.5,1990409,2194655119.60,79771,-2.87,-32.45,74.1,Mar,2025
2025-03-27,EQ,1113.00,1139.30,1110.7,1122.55,1121,1129.4,1129.2,1227.95,737.5,2435413,2750077018.80,58665,0.61,6.85,28.6,Mar,2025
2025-03-26,EQ,1148.70,1174.95,1118.7,1172.75,1124,1122.55,1138.59,1227.95,737.5,1809235,2059985388.40,88457,-4.28,-50.2,56.25,Mar,2025
2025-03-25,EQ,1157.60,1177.60,1149.45,1146.25,1169.9,1172.75,1165.78,1227.95,737.5,2312993,2696437626.35,98806,2.31,26.5,28.15,Mar,2025
2025-03-24,EQ,1174.65,1180.00,1144,1170.25,1150.4,1146.25,1161.09,1227.95,737.5,2773097,3219825816.85,143113,-2.05,-24,36,Mar,2025
2025-03-21,EQ,1126.05,1189.50,1119.75,1135.85,1167,1170.25,1170.76,1227.95,719.45,5814033,6806831399.15,152266,3.03,34.4,69.75,Mar,2025
2025-03-20,EQ,1098.35,1138.85,1082.05,1087.45,1134.15,1135.85,1119.73,1227.95,719.45,4225204,4731102026.50,143451,4.45,48.4,56.8,Mar,2025
2025-03-19,EQ,1025.15,1091.45,1025,1016.95,1084,1087.45,1072.44,1227.95,719.45,2753959,2953446254.85,88369,6.93,70.5,66.45,Mar,2025
2025-03-18,EQ,1001.95,1020.85,990.1,997.9,1017.5,1016.95,1004.51,1227.95,719.45,1188427,1193781588.55,57700,1.91,19.05,30.75,Mar,2025
2025-03-17,EQ,995.20,1003.25,980.35,990.7,998,997.9,994.4,1227.95,719.45,1751272,1741465698.85,71062,0.73,7.2,22.9,Mar,2025
2025-03-13,EQ,994.65,1009.70,979.05,989.75,986.4,990.7,1000.75,1227.95,719.45,1963406,1964870841.20,52848,0.1,0.95,30.65,Mar,2025
2025-03-12,EQ,994.80,995.00,960,983.3,989,989.75,977.87,1227.95,719.45,2239455,2189895375.65,49740,0.66,6.45,35,Mar,2025
2025-03-11,EQ,957.55,987.85,956.6,964.3,982,983.3,979.22,1227.95,719.45,1479746,1449001546.85,60098,1.97,19,31.25,Mar,2025
2025-03-10,EQ,980.00,980.50,955,980.75,957,964.3,968.33,1227.95,719.45,2613900,2531108274.25,101244,-1.68,-16.45,25.5,Mar,2025
2025-03-07,EQ,1004.90,1012.70,977.15,999.9,981,980.75,990.98,1227.95,719.45,1323765,1311820449.85,56752,-1.92,-19.15,35.55,Mar,2025
2025-03-06,EQ,1022.00,1023.45,996.15,1021.9,1001.5,999.9,1007.77,1227.95,719.45,2676754,2697551346.75,128583,-2.15,-22,27.3,Mar,2025
2025-03-05,EQ,966.50,1024.55,966.5,988.45,1020,1021.9,1014.01,1227.95,719.45,3569080,3619093255.60,88477,3.38,33.45,58.05,Mar,2025
2025-03-04,EQ,961.50,1005.05,940.05,973.8,992.6,988.45,983.98,1227.95,719.45,2637232,2594987834.00,107678,1.5,14.65,65,Mar,2025
2025-03-03,EQ,961.00,988.30,945.1,978.1,973,973.8,963.8,1227.95,719.45,2695279,2597712824.80,127915,-0.44,-4.3,43.2,Mar,2025
2025-02-28,EQ,1009.60,1012.00,965.05,1016.1,969.15,978.1,984.63,1227.95,706.45,3484870,3431290733.45,107204,-3.74,-38,46.95,Feb,2025
2025-02-27,EQ,1027.80,1037.95,1008.25,1022.9,1017.9,1016.1,1018.96,1227.95,706.45,3750612,3821717625.05,81241,-0.66,-6.8,29.7,Feb,2025
2025-02-25,EQ,994.40,1028.00,986,987.95,1024.1,1022.9,1017.65,1227.95,706.45,2747013,2795499044.50,107094,3.54,34.95,42,Feb,2025
2025-02-24,EQ,1000.00,1004.95,980.75,1010.25,989.85,987.95,990.38,1227.95,706.45,1840297,1822586841.80,65599,-2.21,-22.3,24.2,Feb,2025
2025-02-21,EQ,1031.90,1039.10,1005,1031.85,1009,1010.25,1017.21,1227.95,706.45,926535,942476408.30,46616,-2.09,-21.6,34.1,Feb,2025
2025-02-20,EQ,1023.70,1039.15,1011.8,1019.5,1030.35,1031.85,1030.62,1227.95,706.45,1900045,1958230690.05,82722,1.21,12.35,27.35,Feb,2025
2025-02-19,EQ,1039.45,1044.80,1015.9,1038.2,1019.7,1019.5,1028.83,1227.95,706.45,1751070,1801560462.20,107026,-1.8,-18.7,28.9,Feb,2025
2025-02-18,EQ,1045.95,1047.00,1005,1014.65,1039.7,1038.2,1030.24,1227.95,706.45,3381321,3483559842.00,105208,2.32,23.55,42,Feb,2025
2025-02-17,EQ,986.80,1022.00,978.6,1003.65,1017,1014.65,1000.23,1227.95,706.45,2499429,2499997747.65,109195,1.1,11,43.4,Feb,2025
2025-02-14,EQ,1004.00,1010.00,982.4,1001.65,1008.15,1003.65,992.03,1227.95,706.45,3192821,3167376038.70,86089,0.2,2,27.6,Feb,2025
2025-02-13,EQ,1004.65,1011.90,995.55,1004.8,1001.65,1001.65,1002.91,1227.95,706.45,2877673,2886039356.20,78219,-0.31,-3.15,16.35,Feb,2025
2025-02-12,EQ,995.10,1019.00,989.5,1019.95,1004.45,1004.8,1001.51,1227.95,706.45,7802242,7814058364.25,169972,-1.49,-15.15,29.5,Feb,2025
2025-02-11,EQ,1077.15,1078.00,1017,1071.85,1017,1019.95,1034.09,1227.95,706.45,7134442,7377647799.70,141913,-4.84,-51.9,61,Feb,2025
2025-02-10,EQ,1140.00,1140.00,1065,1143.2,1072,1071.85,1080.48,1227.95,706.45,3230751,3490747292.45,110899,-6.24,-71.35,75,Feb,2025
2025-02-07,EQ,1133.00,1147.05,1110.6,1125.75,1140,1143.2,1130.32,1227.95,706.45,1906494,2154950150.55,102049,1.55,17.45,36.45,Feb,2025
2025-02-06,EQ,1185.00,1187.95,1121,1169.7,1133.5,1125.75,1136.75,1227.95,706.45,1003312,1140519521.35,49574,-3.76,-43.95,66.95,Feb,2025
2025-02-05,EQ,1180.00,1200.95,1164.25,1174.3,1172,1169.7,1181.19,1227.95,706.45,1565195,1848793660.15,95951,-0.39,-4.6,36.7,Feb,2025
2025-02-04,EQ,1150.20,1184.00,1145,1145,1171.5,1174.3,1170.27,1227.95,706.45,2429222,2842855264.10,90991,2.56,29.3,39,Feb,2025
2025-02-03,EQ,1125.00,1150.00,1090.55,1108.25,1147.65,1145,1131.25,1227.95,706.45,2635417,2981319773.40,141344,3.32,36.75,59.45,Feb,2025
2025-02-01,EQ,1073.45,1117.75,1067.25,1061.25,1116.2,1108.25,1091.33,1227.95,694.8,1484218,1619770619.90,66947,4.43,47,50.5,Feb,2025
2025-01-31,EQ,1046.00,1069.00,1029.75,1043.85,1067,1061.25,1049.53,1227.95,694.8,2955047,3101402738.65,130415,1.67,17.4,39.25,Jan,2025
2025-01-30,EQ,1040.10,1058.40,998,1025,1049.4,1043.85,1030.24,1227.95,694.8,3974586,4094793900.45,110374,1.84,18.85,60.4,Jan,2025
2025-01-29,EQ,1011.00,1032.40,1000,1021.65,1023.5,1025,1020.17,1227.95,694.8,1074681,1096362473.75,53675,0.33,3.35,32.4,Jan,2025
2025-01-28,EQ,1015.00,1043.80,982,1029.95,1025,1021.65,1019.29,1227.95,694.8,2125229,2166229600.15,83273,-0.81,-8.3,61.8,Jan,2025
2025-01-27,EQ,1040.35,1042.95,1015.9,1055.75,1025,1029.95,1029.15,1227.95,694.8,702909,723395387.70,41264,-2.44,-25.8,27.05,Jan,2025
2025-01-24,EQ,1080.00,1087.00,1051.95,1082.85,1052.1,1055.75,1068.41,1227.95,694.8,756024,807741031.45,38309,-2.5,-27.1,35.05,Jan,2025
2025-01-23,EQ,1065.00,1088.00,1059,1066.4,1085.95,1082.85,1076.46,1227.95,694.8,1467332,1579530744.90,66620,1.54,16.45,29,Jan,2025
2025-01-22,EQ,1073.00,1082.75,1048.55,1078.2,1069.95,1066.4,1064.67,1227.95,694.8,1569733,1671251630.10,75613,-1.09,-11.8,34.2,Jan,2025
2025-01-21,EQ,1068.00,1088.00,1061.65,1064.9,1080,1078.2,1079.05,1227.95,694.8,2450803,2644526772.90,91850,1.25,13.3,26.35,Jan,2025
2025-01-20,EQ,1026.65,1066.75,1015.75,1026.65,1065.65,1064.9,1044.74,1227.95,694.8,2656505,2775362208.25,54476,3.73,38.25,51,Jan,2025
2025-01-17,EQ,1051.25,1056.45,1008.7,1049.95,1026,1026.65,1026.68,1227.95,694.8,2750545,2823936321.25,102386,-2.22,-23.3,47.75,Jan,2025
2025-01-16,EQ,1053.35,1060.60,1038.25,1039.05,1048.65,1049.95,1049.89,1227.95,694.8,1656965,1739633337.25,84816,1.05,10.9,22.35,Jan,2025
2025-01-15,EQ,1084.90,1085.05,1035.5,1084.9,1041,1039.05,1053.32,1227.95,694.8,4749303,5002529978.25,119688,-4.23,-45.85,49.55,Jan,2025
2025-01-14,EQ,1102.40,1107.00,1067.5,1082.45,1085,1084.9,1085.24,1227.95,694.8,1739436,1887705350.05,76349,0.23,2.45,39.5,Jan,2025
2025-01-13,EQ,1122.30,1127.45,1069.25,1149.9,1088.6,1082.45,1091.32,1227.95,694.8,2265175,2472020428.45,74955,-5.87,-67.45,58.2,Jan,2025
2025-01-10,EQ,1208.00,1212.10,1144.35,1208.6,1149.95,1149.9,1165.73,1227.95,694.8,1033126,1204343586.15,51679,-4.86,-58.7,67.75,Jan,2025
2025-01-09,EQ,1206.95,1224.45,1185.4,1203.2,1201.95,1208.6,1207.52,1227.95,694.8,1851938,2236243918.95,72592,0.45,5.4,39.05,Jan,2025
2025-01-08,EQ,1220.10,1227.95,1190.05,1198.35,1199.15,1203.2,1211.26,1227.95,694.8,2659177,3220962706.15,125187,0.4,4.85,37.9,Jan,2025
2025-01-07,EQ,1170.00,1204.95,1155.65,1153.2,1204.95,1198.35,1191.12,1215.55,694.8,1976892,2354724058.25,77552,3.92,45.15,49.3,Jan,2025
2025-01-06,EQ,1181.90,1186.20,1145,1178.35,1161.95,1153.2,1162.03,1215.55,694.8,1250365,1452960714.65,55349,-2.13,-25.15,41.2,Jan,2025
2025-01-03,EQ,1160.00,1188.35,1154.9,1159.35,1177,1178.35,1176.29,1215.55,669.45,2301740,2707523580.00,80236,1.64,19,33.45,Jan,2025
2025-01-02,EQ,1146.00,1164.95,1136.1,1139.6,1155,1159.35,1154.78,1215.55,669.45,549223,634231200.30,27780,1.73,19.75,28.85,Jan,2025
2025-01-01,EQ,1128.15,1146.00,1125.3,1128.15,1140,1139.6,1140.06,1215.55,669.45,288372,328760902.60,17512,1.01,11.45,20.7,Jan,2025
2024-12-31,EQ,1143.70,1155.10,1125.95,1162.1,1128,1128.15,1136.63,1215.55,669.45,1024195,1164133361.35,35330,-2.92,-33.95,29.15,Dec,2024
2024-12-30,EQ,1105.00,1208.00,1100.1,1126.4,1140,1162.1,1153.02,1215.55,669.45,2095498,2416155131.30,65380,3.17,35.7,107.9,Dec,2024
2024-12-27,EQ,1163.50,1164.65,1120.5,1155.7,1127.85,1126.4,1133.56,1215.55,651.4,767182,869643166.15,51263,-2.54,-29.3,44.15,Dec,2024
2024-12-26,EQ,1148.65,1167.95,1130.35,1139.05,1152.85,1155.7,1148.26,1215.55,651.4,681936,783038258.15,28018,1.46,16.65,37.6,Dec,2024
2024-12-24,EQ,1151.45,1151.90,1133.35,1141.1,1137.85,1139.05,1141.7,1215.55,651.4,750823,857213859.65,32371,-0.18,-2.05,18.55,Dec,2024
2024-12-23,EQ,1173.70,1187.80,1136.55,1165.2,1140.65,1141.1,1153.62,1215.55,651.4,1120494,1292624760.55,67064,-2.07,-24.1,51.25,Dec,2024
2024-12-20,EQ,1180.70,1200.00,1159.75,1180.7,1163.05,1165.2,1176.66,1215.55,630.9,3690684,4342693143.80,68885,-1.31,-15.5,40.25,Dec,2024
2024-12-19,EQ,1170.00,1202.00,1153.1,1193.3,1180,1180.7,1185.17,1215.55,630.9,2910694,3449655848.90,86520,-1.06,-12.6,48.9,Dec,2024
2024-12-18,EQ,1193.05,1204.95,1180.85,1208.75,1192.75,1193.3,1193.26,1215.55,630.9,2550592,3043520432.85,78125,-1.28,-15.45,24.1,Dec,2024
2024-12-17,EQ,1175.15,1215.55,1170.9,1184.8,1205,1208.75,1201.28,1215.55,630.9,2408104,2892810975.35,78617,2.02,23.95,44.65,Dec,2024
2024-12-16,EQ,1180.05,1188.10,1170.05,1180.05,1181,1184.8,1180.74,1194.6,630.9,1482018,1749883967.00,52084,0.4,4.75,18.05,Dec,2024
2024-12-13,EQ,1172.10,1194.60,1161.8,1167.7,1181,1180.05,1179.49,1194.6,630.9,2793424,3294822709.15,110888,1.06,12.35,32.8,Dec,2024
2024-12-12,EQ,1132.00,1171.00,1126.2,1132.2,1170.25,1167.7,1159.61,1171,630.9,3466683,4020012586.20,96416,3.14,35.5,44.8,Dec,2024
2024-12-11,EQ,1110.05,1137.00,1096.3,1117.15,1129,1132.2,1126.37,1137,630.9,4400116,4956156363.75,112593,1.35,15.05,40.7,Dec,2024
2024-12-10,EQ,1117.00,1129.45,1110.8,1116.95,1117.05,1117.15,1117.69,1129.45,630.9,2260671,2526724462.10,64594,0.02,0.2,18.65,Dec,2024
2024-12-09,EQ,1062.05,1122.45,1062.05,1096.15,1119.5,1116.95,1109.66,1122.45,630.9,1499766,1664227807.10,61845,1.9,20.8,60.4,Dec,2024
2024-12-06,EQ,1098.55,1101.80,1082,1096.9,1098.7,1096.15,1093.71,1118,630.9,1100362,1203475692.40,34726,-0.07,-0.75,19.8,Dec,2024
2024-12-05,EQ,1074.60,1106.00,1065.45,1064.25,1096.3,1096.9,1088.62,1118,630.9,3906338,4252532109.80,132025,3.07,32.65,40.55,Dec,2024
2024-12-04,EQ,1038.00,1067.00,1027,1034.35,1063.4,1064.25,1052.93,1118,630.9,2239101,2357627002.30,56424,2.89,29.9,40,Dec,2024
2024-12-03,EQ,1027.90,1048.45,1024.05,1019.2,1033,1034.35,1037.23,1118,630.9,2589669,2686092148.90,65395,1.49,15.15,24.4,Dec,2024
2024-12-02,EQ,974.95,1022.90,970.15,979.75,1017.45,1019.2,999.5,1118,630.9,1671142,1670300891.70,58264,4.03,39.45,52.75,Dec,2024
2024-11-29,EQ,982.00,984.15,970.1,976.85,976.25,979.75,979.68,1118,599.15,2495600,2444883082.30,60347,0.3,2.9,14.05,Nov,2024
2024-11-28,EQ,1014.95,1014.95,973.5,1006.15,982,976.85,984.73,1118,599.15,1957971,1928071563.70,61770,-2.91,-29.3,41.45,Nov,2024
2024-11-27,EQ,995.95,1018.85,970.15,985.75,1007.6,1006.15,995.84,1118,599.15,2231913,2222639224.35,89798,2.07,20.4,48.7,Nov,2024
2024-11-26,EQ,976.00,1012.00,975.05,971.75,987,985.75,993.9,1118,599.15,986550,980534353.55,41652,1.44,14,36.95,Nov,2024
2024-11-25,EQ,1014.95,1014.95,964.05,999.95,974.5,971.75,974.57,1118,599.15,4346421,4235872446.05,132863,-2.82,-28.2,50.9,Nov,2024
2024-11-22,EQ,941.95,1007.00,936.25,990.15,996,999.95,989.93,1118,599.15,1895207,1876125437.50,76302,0.99,9.8,70.75,Nov,2024
2024-11-21,EQ,983.00,1001.55,977,997.8,986,990.15,988.68,1118,599.15,1049531,1037650432.55,55870,-0.77,-7.65,24.55,Nov,2024
2024-11-19,EQ,1009.00,1009.00,994.1,999.85,997.8,997.8,999.6,1118,599.15,742789,742488763.60,37631,-0.21,-2.05,14.9,Nov,2024
2024-11-18,EQ,1055.10,1058.85,987.05,1006.25,998,999.85,1007.58,1118,599.15,2909039,2931087664.75,120859,-0.64,-6.4,71.8,Nov,2024
2024-11-14,EQ,1010.40,1025.40,996.3,1001.9,1010.3,1006.25,1008.3,1118,590.1,1048104,1056799586.30,68971,0.43,4.35,29.1,Nov,2024
2024-11-13,EQ,1014.20,1036.30,992.9,1030.7,999.95,1001.9,1012.96,1118,590.1,2268100,2297499160.30,94369,-2.79,-28.8,43.4,Nov,2024
2024-11-12,EQ,1030.00,1064.80,1029.05,1025,1030,1030.7,1039.02,1118,590.1,2388597,2481802427.30,68572,0.56,5.7,35.75,Nov,2024
2024-11-11,EQ,1070.15,1080.00,1020.4,1079.25,1026,1025,1055.06,1118,590.1,2272381,2397500778.85,42946,-5.03,-54.25,59.6,Nov,2024
2024-11-08,EQ,1087.25,1097.00,1067.1,1078.75,1073.2,1079.25,1082.18,1118,570,795545,860920931.30,45738,0.05,0.5,29.9,Nov,2024
2024-11-07,EQ,1090.50,1109.00,1067.65,1079.9,1073.05,1078.75,1080.99,1118,570,1932495,2089000087.50,47474,-0.11,-1.15,41.35,Nov,2024
2024-11-06,EQ,1043.00,1092.95,1033.95,1044.6,1080.55,1079.9,1060.02,1118,570,1851836,1962976327.60,101074,3.38,35.3,59,Nov,2024
2024-11-05,EQ,1030.00,1050.00,1013.15,1036.6,1049,1044.6,1027.17,1118,570,1983513,2037410698.55,74771,0.77,8,36.85,Nov,2024
2024-11-04,EQ,1028.00,1049.80,1010.75,1007.55,1035,1036.6,1030.01,1118,570,4668492,4808580777.35,96896,2.88,29.05,39.05,Nov,2024
2024-11-01,EQ,1025.00,1025.00,1000.15,1017.6,1002.5,1007.55,1011.45,1118,562,85775,86757195.00,4608,-0.99,-10.05,24.85,Nov,2024
2024-10-31,EQ,993.80,1023.95,992.35,992.35,1015,1017.6,1010.3,1118,562,1763920,1782090656.30,121909,2.54,25.25,31.6,Oct,2024
2024-10-30,EQ,975.30,997.15,975.3,994.5,993,992.35,986.66,1118,562,1435812,1416662072.70,57732,-0.22,-2.15,21.85,Oct,2024
2024-10-29,EQ,968.00,999.00,965.3,968,996,994.5,987.66,1118,562,1829755,1807177513.85,64085,2.74,26.5,33.7,Oct,2024
2024-10-28,EQ,938.00,973.50,937.95,938,970,968,959.32,1118,562,1766407,1694542514.70,71978,3.2,30,35.55,Oct,2024
2024-10-25,EQ,903.20,943.00,902.45,906.15,938.8,938,927.76,1118,538.65,1472612,1366228257.25,75425,3.51,31.85,40.55,Oct,2024
2024-10-24,EQ,903.00,912.80,888.9,914.2,911,906.15,902.47,1118,538.65,2265093,2044171737.85,98435,-0.88,-8.05,23.9,Oct,2024
2024-10-23,EQ,899.05,924.95,892.2,923.2,919,914.2,913.34,1118,538.65,2094338,1912843939.05,94299,-0.97,-9,32.75,Oct,2024
2024-10-22,EQ,958.00,958.00,913,951.45,921.45,923.2,925.68,1118,538.65,2961005,2740942455.55,98828,-2.97,-28.25,45,Oct,2024
2024-10-21,EQ,940.10,957.30,939.65,937.4,950,951.45,950.55,1118,538.65,1750064,1663520648.45,63465,1.5,14.05,17.65,Oct,2024
2024-10-18,EQ,942.50,942.50,924.8,937.25,936,937.4,934.11,1118,538.65,1130741,1056237801.80,40362,0.02,0.15,17.7,Oct,2024
2024-10-17,EQ,961.40,964.20,931.5,964.2,939,937.25,942.08,1118,538.65,913329,860432244.65,43344,-2.8,-26.95,32.7,Oct,2024
2024-10-16,EQ,979.00,982.00,956.3,969,961.4,964.2,967.02,1118,538.65,980164,947841091.30,42923,-0.5,-4.8,25.7,Oct,2024
2024-10-15,EQ,947.25,978.00,945.15,947.25,969.7,969,965.96,1118,538.65,1248161,1205676227.35,50135,2.3,21.75,32.85,Oct,2024
2024-10-14,EQ,944.40,952.00,937.7,939.8,951,947.25,945.67,1118,538.65,390147,368951885.80,26848,0.79,7.45,14.3,Oct,2024
2024-10-11,EQ,954.95,956.65,936,952.35,936,939.8,941.34,1118,538.65,511823,481797410.05,23817,-1.32,-12.55,20.65,Oct,2024
2024-10-10,EQ,965.80,968.25,942.6,962.3,954,952.35,950.39,1118,538.65,861912,819153296.10,45537,-1.03,-9.95,25.65,Oct,2024
2024-10-09,EQ,969.10,978.30,957,955.85,959.1,962.3,968.3,1118,538.65,2113304,2046303327.20,91508,0.67,6.45,21.3,Oct,2024
2024-10-08,EQ,916.00,963.90,913,916.4,955.9,955.85,942.68,1118,538.65,5189872,4892397733.95,79454,4.3,39.45,50.9,Oct,2024
2024-10-07,EQ,930.30,944.95,912,926.35,922,916.4,925.46,1118,538.65,1939023,1794479627.00,142000,-1.07,-9.95,32.95,Oct,2024
2024-10-04,EQ,928.35,938.85,907.75,942.15,924.95,926.35,926.98,1118,538.65,4535448,4204255747.35,136879,-1.68,-15.8,31.1,Oct,2024
2024-10-03,EQ,963.95,963.95,923,970.2,938.7,942.15,943.62,1118,538.65,4576130,4318129547.25,206684,-2.89,-28.05,40.95,Oct,2024
2024-10-01,EQ,986.50,988.70,965.35,985.75,969.9,970.2,972.95,1118,538.65,1331140,1295133178.60,95190,-1.58,-15.55,23.35,Oct,2024
2024-09-30,EQ,953.70,996.50,953,994.75,995,985.75,980.06,1118,538.65,2911879,2853817900.40,102551,-0.9,-9,43.5,Sep,2024
2024-09-27,EQ,995.95,999.75,976.6,997.35,994,994.75,991.17,1118,531.05,3754632,3721471378.45,78840,-0.26,-2.6,23.15,Sep,2024
2024-09-26,EQ,990.00,999.00,975.1,989.85,997.9,997.35,989.58,1118,531.05,3734695,3695761624.55,50297,0.76,7.5,23.9,Sep,2024
2024-09-25,EQ,1023.40,1023.40,972.5,1030.4,990,989.85,991.87,1118,531.05,4808811,4769699411.25,108094,-3.94,-40.55,50.9,Sep,2024
2024-09-24,EQ,1070.50,1118.00,1021.05,1054.2,1035.1,1030.4,1074.98,1118,531.05,5117353,5501029575.00,158319,-2.26,-23.8,96.95,Sep,2024
2024-09-23,EQ,1062.10,1067.25,1028,1067.95,1050,1054.2,1047.03,1090,531.05,2106105,2205145266.70,81836,-1.29,-13.75,39.25,Sep,2024
2024-09-20,EQ,981.00,1090.00,973.25,984.85,1085.75,1067.95,1051.71,1090,531.05,9930210,10443721043.00,243301,8.44,83.1,116.75,Sep,2024
2024-09-19,EQ,955.00,999.00,942.05,962.95,992.6,984.85,966.8,999,531.05,2078476,2009478185.95,56253,2.27,21.9,56.95,Sep,2024
2024-09-18,EQ,964.70,975.05,941.3,964.7,956.5,962.95,955.23,979.9,531.05,1194052,1140596647.30,54134,-0.18,-1.75,33.75,Sep,2024
2024-09-17,EQ,935.00,977.00,926.1,931,960,964.7,944.89,979.9,531.05,3214818,3037646336.15,83160,3.62,33.7,50.9,Sep,2024
2024-09-16,EQ,923.90,936.95,915,908,933,931,929.01,979.9,531.05,1607286,1493185782.05,62849,2.53,23,21.95,Sep,2024
2024-09-13,EQ,915.00,926.10,896.05,913.8,907.3,908,908.13,979.9,531.05,1781839,1618148129.25,75807,-0.63,-5.8,30.05,Sep,2024
2024-09-12,EQ,889.45,923.80,884.45,877,908,913.8,914.46,979.9,531.05,3313064,3029648496.60,102202,4.2,36.8,39.35,Sep,2024
2024-09-11,EQ,886.95,902.00,874.3,878.75,884.4,877,884.34,979.9,531.05,1174280,1038460342.25,53989,-0.2,-1.75,27.7,Sep,2024
2024-09-10,EQ,889.40,906.80,875.75,882.4,881,878.75,888.82,979.9,531.05,1200151,1066715091.65,68358,-0.41,-3.65,31.05,Sep,2024
2024-09-09,EQ,907.00,909.20,873.5,898.55,878.4,882.4,884.46,979.9,531.05,1456256,1288006580.95,68250,-1.8,-16.15,35.7,Sep,2024
2024-09-06,EQ,884.95,903.35,881.05,885.5,892.5,898.55,894.27,979.9,531.05,1762540,1576191758.80,42415,1.47,13.05,22.3,Sep,2024
2024-09-05,EQ,881.15,913.25,867.55,881.15,884.5,885.5,895.8,979.9,531.05,2118993,1898192128.95,86597,0.49,4.35,45.7,Sep,2024
2024-09-04,EQ,870.00,885.00,860.25,871.8,878.7,881.15,872.23,979.9,531.05,1517929,1323979118.85,53210,1.07,9.35,24.75,Sep,2024
2024-09-03,EQ,884.95,892.00,865,881.95,869.8,871.8,882.37,979.9,531.05,1429045,1260949494.45,50538,-1.15,-10.15,27,Sep,2024
2024-09-02,EQ,869.95,884.00,863.2,862.45,882,881.95,880.39,979.9,531.05,1664452,1465364142.90,38271,2.26,19.5,20.8,Sep,2024
2024-08-30,EQ,870.40,876.85,858.35,866.55,862,862.45,863.99,979.9,531.05,2575591,2225286761.10,86137,-0.47,-4.1,18.5,Aug,2024
2024-08-29,EQ,865.80,870.95,859.6,865.8,869,866.55,864.43,979.9,531.05,747326,646010943.95,32341,0.09,0.75,11.35,Aug,2024
2024-08-28,EQ,854.95,868.75,850.2,854.3,865.4,865.8,860.4,979.9,531.05,2209821,1901340215.95,53683,1.35,11.5,18.55,Aug,2024
2024-08-27,EQ,868.30,868.30,850.25,860.85,851.5,854.3,854.72,979.9,531.05,808632,691150635.40,33504,-0.76,-6.55,18.05,Aug,2024
2024-08-26,EQ,853.85,863.80,836.6,852.95,861,860.85,853.22,979.9,531.05,1606807,1370953264.05,71036,0.93,7.9,27.2,Aug,2024
2024-08-23,EQ,868.10,873.05,849.1,868.35,850,852.95,857.73,979.9,530,915786,785495160.90,57956,-1.77,-15.4,23.95,Aug,2024
2024-08-22,EQ,872.10,881.00,865.55,867.5,869.05,868.35,870.45,979.9,530,589973,513544315.95,27107,0.1,0.85,15.45,Aug,2024
2024-08-21,EQ,880.00,881.30,864.75,877.55,868.9,867.5,869.3,979.9,530,647192,562604519.00,19782,-1.15,-10.05,16.55,Aug,2024
2024-08-20,EQ,881.95,884.35,871.05,874.55,873.7,877.55,877.77,979.9,530,425103,373143121.95,13501,0.34,3,13.3,Aug,2024
2024-08-19,EQ,886.00,888.50,866.2,885.15,875.15,874.55,873.21,979.9,530,390349,340857427.20,18622,-1.2,-10.6,22.3,Aug,2024
2024-08-16,EQ,870.50,892.00,869.95,870,880,885.15,884.15,979.9,508.5,785855,694812473.45,44894,1.74,15.15,22.05,Aug,2024
2024-08-14,EQ,863.05,877.95,852.3,868.3,866.5,870,866.49,979.9,508.5,1889274,1637032016.90,33259,0.2,1.7,25.65,Aug,2024
2024-08-13,EQ,865.50,872.00,860.5,870.65,866.7,868.3,867.32,979.9,508.5,883102,765929515.55,23188,-0.27,-2.35,11.5,Aug,2024
2024-08-12,EQ,879.95,882.70,861.2,883.2,869.55,870.65,869.11,979.9,508.5,630879,548301312.05,40877,-1.42,-12.55,21.5,Aug,2024
2024-08-09,EQ,887.85,894.70,879.35,874.95,883,883.2,885.35,979.9,508.5,304440,269537262.55,19404,0.94,8.25,15.35,Aug,2024
2024-08-08,EQ,855.00,885.70,851.15,854.6,878,874.95,869.95,979.9,508.5,1490179,1296381229.75,44402,2.38,20.35,34.55,Aug,2024
2024-08-07,EQ,870.00,873.55,845.9,863.5,859,854.6,854.85,979.9,508.5,2338430,1999001176.00,67393,-1.03,-8.9,27.65,Aug,2024
2024-08-06,EQ,867.45,879.55,856.1,865.75,863.5,863.5,868.53,979.9,508.5,1719713,1493622627.70,63512,-0.26,-2.25,23.45,Aug,2024
2024-08-05,EQ,905.00,908.60,861,916.3,868,865.75,883.85,979.9,508.5,1300858,1149757218.45,59726,-5.52,-50.55,47.6,Aug,2024
2024-08-02,EQ,920.00,921.00,903.55,924,916,916.3,914.26,979.9,508.5,813314,743580289.15,38640,-0.83,-7.7,17.45,Aug,2024
2024-08-01,EQ,934.95,934.95,909.45,922.25,920,924,923.96,979.9,508.5,701804,648438167.05,40262,0.19,1.75,25.5,Aug,2024
2024-07-31,EQ,924.00,927.95,915.25,918.05,923.55,922.25,921.13,979.9,508.5,813478,749318617.40,31479,0.46,4.2,12.7,Jul,2024
2024-07-30,EQ,934.20,939.00,916,934.1,919,918.05,921.83,979.9,508.5,988389,911129701.80,30720,-1.72,-16.05,23,Jul,2024
2024-07-29,EQ,958.95,960.95,928.4,948.5,934,934.1,935.45,979.9,508.5,1100907,1029842719.20,44218,-1.52,-14.4,32.55,Jul,2024
2024-07-26,EQ,929.45,963.65,928,926.45,949,948.5,952.67,979.9,508.5,909751,866693065.15,37579,2.38,22.05,35.65,Jul,2024
2024-07-25,EQ,926.00,945.00,915.95,947.6,927.55,926.45,923.27,979.9,508.5,862331,796161500.05,39361,-2.23,-21.15,29.05,Jul,2024
2024-07-24,EQ,927.00,964.65,917.15,935.1,948.45,947.6,948.69,979.9,508.5,1342456,1273572703.20,73306,1.34,12.5,47.5,Jul,2024
2024-07-23,EQ,924.60,938.00,902.35,930.3,934.4,935.1,926.57,979.9,508.5,1061114,983198758.90,47953,0.52,4.8,35.65,Jul,2024
2024-07-22,EQ,915.45,942.00,908.75,920.45,927,930.3,933.23,979.9,508.5,1229668,1147558039.50,49278,1.07,9.85,33.25,Jul,2024
2024-07-19,EQ,930.30,931.85,895.1,934.55,919.2,920.45,913.46,979.9,508.5,1101792,1006438154.70,51792,-1.51,-14.1,36.75,Jul,2024
2024-07-18,EQ,912.95,939.70,893.3,921,930.3,934.55,917.64,979.9,508.5,1914995,1757284375.80,65572,1.47,13.55,46.4,Jul,2024
2024-07-16,EQ,926.30,926.30,908.5,921.2,919.1,921,915.54,979.9,508.5,960167,879069217.65,53786,-0.02,-0.2,17.8,Jul,2024
2024-07-15,EQ,896.00,924.40,896,900.5,918.8,921.2,913.63,979.9,508.5,1455119,1329446047.95,72281,2.3,20.7,28.4,Jul,2024
2024-07-12,EQ,904.35,906.95,893,897.35,899.8,900.5,899.74,979.9,508.5,825677,742893293.90,30420,0.35,3.15,13.95,Jul,2024
2024-07-11,EQ,908.05,908.60,886.15,907.55,896.95,897.35,894.37,979.9,508.5,2215017,1981042505.75,56865,-1.12,-10.2,22.45,Jul,2024
2024-07-10,EQ,920.50,927.50,900.8,917.65,908.8,907.55,912.22,979.9,508.5,1592036,1452281860.60,62473,-1.1,-10.1,26.7,Jul,2024
2024-07-09,EQ,935.95,965.60,908.6,926.4,918,917.65,931.07,979.9,508.5,1856257,1728304207.85,57710,-0.94,-8.75,57,Jul,2024
2024-07-08,EQ,925.00,936.00,914.9,913.8,924.9,926.4,928,979.9,508.5,2148540,1993846484.70,56271,1.38,12.6,21.1,Jul,2024
2024-07-05,EQ,913.00,925.00,910.2,917.8,912.1,913.8,915.5,979.9,508.5,1337555,1224536986.80,57384,-0.44,-4,14.8,Jul,2024
2024-07-04,EQ,922.55,926.30,913.5,922.55,917.6,917.8,918.68,979.9,508.5,721831,663131972.45,25556,-0.51,-4.75,12.8,Jul,2024
2024-07-03,EQ,921.70,925.00,912.5,913.1,924,922.55,918,979.9,508.5,1316052,1208138345.55,47380,1.03,9.45,12.5,Jul,2024
2024-07-02,EQ,949.95,957.80,904,955.8,913.15,913.1,919.1,979.9,508.5,4247648,3904000272.45,109929,-4.47,-42.7,53.8,Jul,2024
2024-07-01,EQ,946.30,959.90,925.95,940.65,954.55,955.8,944.7,979.9,508.5,998066,942870343.90,55497,1.61,15.15,33.95,Jul,2024
2024-06-28,EQ,892.00,950.00,891.95,920.75,943.8,940.65,932.35,979.9,508.5,1943891,1812383495.65,79438,2.16,19.9,58.05,Jun,2024
2024-06-27,EQ,879.90,945.00,878.35,879.45,922,920.75,923.28,979.9,508.5,4279455,3951136132.95,136710,4.7,41.3,66.65,Jun,2024
2024-06-26,EQ,875.65,887.85,851.35,893.45,879,879.45,874.91,979.9,508.5,1893147,1656330856.15,70642,-1.57,-14,36.5,Jun,2024
2024-06-25,EQ,897.85,904.85,882,897.85,890.8,893.45,892.2,979.9,508.5,914901,816275916.05,75207,-0.49,-4.4,22.85,Jun,2024
2024-06-24,EQ,924.30,924.30,891,928.25,893.45,897.85,904.08,979.9,508.5,1541108,1393291062.75,64076,-3.27,-30.4,33.3,Jun,2024
2024-06-21,EQ,948.00,979.90,912.15,934.8,928,928.25,942.93,979.9,508.5,3933171,3708693660.75,92725,-0.7,-6.55,67.75,Jun,2024
2024-06-20,EQ,896.45,940.85,883,899.95,937.15,934.8,914.48,940.85,508.5,1973607,1804820200.85,56478,3.87,34.85,57.85,Jun,2024
2024-06-19,EQ,903.00,926.00,890.05,903.05,899.05,899.95,903.5,936.4,508.5,1972290,1781958955.30,88487,-0.34,-3.1,35.95,Jun,2024
2024-06-18,EQ,928.00,928.25,900,927.9,902,903.05,907.71,936.4,508.5,937534,851004908.80,36103,-2.68,-24.85,28.25,Jun,2024
2024-06-14,EQ,896.20,936.40,893.05,890.05,930,927.9,921.35,936.4,508.5,3458123,3186139537.90,82517,4.25,37.85,43.35,Jun,2024
2024-06-13,EQ,910.50,914.80,881.55,870.5,892,890.05,893.01,914.8,508.5,3746631,3345790664.65,70626,2.25,19.55,33.25,Jun,2024
2024-06-12,EQ,811.00,877.80,807.5,802.5,871,870.5,860.24,910,508.5,6539603,5625620607.80,147632,8.47,68,70.3,Jun,2024
2024-06-11,EQ,811.00,815.35,799.2,811.75,802.7,802.5,804.27,910,508.5,2174198,1748650212.05,84623,-1.14,-9.25,16.15,Jun,2024
2024-06-10,EQ,826.70,848.70,808.1,827.1,810,811.75,824.04,910,508.5,1813265,1494206267.60,45886,-1.86,-15.35,40.6,Jun,2024
2024-06-07,EQ,816.00,840.60,813.6,830.1,823,827.1,823.94,910,508.5,1112638,916749862.30,57058,-0.36,-3,27,Jun,2024
2024-06-06,EQ,822.40,837.15,812.05,822.25,833,830.1,829.71,910,508.5,1354996,1124258075.45,41609,0.95,7.85,25.1,Jun,2024
2024-06-05,EQ,786.75,839.50,760.75,780.75,818.8,822.25,817.55,910,508.5,2613903,2137008642.85,84300,5.32,41.5,78.75,Jun,2024
2024-06-04,EQ,769.50,792.00,749.25,765.2,785.45,780.75,775.99,910,508.5,3974176,3083920355.25,105542,2.03,15.55,42.75,Jun,2024
2024-06-03,EQ,760.00,777.00,747.3,751.8,765,765.2,762.87,910,508.5,1961060,1496028496.55,73670,1.78,13.4,29.7,Jun,2024
2024-05-31,EQ,780.70,783.40,743.1,780.7,756,751.8,753.06,910,508.5,5523537,4159537575.10,147964,-3.7,-28.9,40.3,May,2024
2024-05-30,EQ,783.60,795.90,773,789,777.5,780.7,786.43,910,508.5,1858632,1461684497.60,75961,-1.05,-8.3,22.9,May,2024
2024-05-29,EQ,791.95,794.00,780.8,791.95,786.9,789,785.29,910,508.5,1720200,1350853667.35,63291,-0.37,-2.95,13.2,May,2024
2024-05-28,EQ,804.65,817.50,780.55,804.2,794,791.95,793.32,910,508.5,1311648,1040551184.45,48653,-1.52,-12.25,36.95,May,2024
2024-05-27,EQ,789.95,810.00,781.4,789.4,808.5,804.2,801,910,508.5,1613902,1292730723.55,43654,1.87,14.8,28.6,May,2024
2024-05-24,EQ,803.05,806.30,784.4,803.05,789.05,789.4,791.79,910,508.5,1476510,1169088445.75,72851,-1.7,-13.65,21.9,May,2024
2024-05-23,EQ,841.45,853.95,793.7,838.3,805,803.05,814.56,910,508.5,2188356,1782544020.80,71934,-4.2,-35.25,60.25,May,2024
2024-05-22,EQ,838.00,867.50,830.2,835,835.1,838.3,850.31,910,508.5,2535401,2155882947.80,66317,0.4,3.3,37.3,May,2024
2024-05-21,EQ,805.00,844.05,805,846.45,831,835,832.95,910,508.5,1889743,1574061992.85,53823,-1.35,-11.45,39.05,May,2024
2024-05-18,EQ,852.30,852.30,839.55,841.8,847.2,846.45,846.25,910,495.6,55768,47193737.40,2829,0.55,4.65,12.75,May,2024
2024-05-17,EQ,845.30,847.85,832.7,849.05,839,841.8,841.79,910,495.6,664703,559537893.95,51349,-0.85,-7.25,15.15,May,2024
2024-05-16,EQ,821.00,851.05,821,829.5,845.25,849.05,840.48,910,495.6,1106386,929893214.70,53625,2.36,19.55,30.05,May,2024
2024-05-15,EQ,815.00,841.80,814.25,814.9,835,829.5,825.86,910,495.6,1209042,998504640.60,40065,1.79,14.6,27.55,May,2024
2024-05-14,EQ,808.00,829.85,801.2,800.55,819.95,814.9,812.26,910,495.6,2792747,2268442724.75,68336,1.79,14.35,28.65,May,2024
2024-05-13,EQ,805.00,811.95,783.05,811.4,799.5,800.55,800.21,910,495.6,4016172,3213782363.20,92801,-1.34,-10.85,28.9,May,2024
2024-05-10,EQ,792.00,814.00,782.25,796.15,807.45,811.4,801.9,910,468.1,674652,541004701.95,71973,1.92,15.25,31.75,May,2024
2024-05-09,EQ,808.00,810.30,790.85,804.1,792.8,796.15,798.05,910,468.1,4796746,3828057006.55,78152,-0.99,-7.95,19.45,May,2024
2024-05-08,EQ,805.55,812.85,793,805.2,805.7,804.1,804.99,910,468.1,1299505,1046085334.65,64918,-0.14,-1.1,19.85,May,2024
2024-05-07,EQ,826.00,831.35,800,831.35,803,805.2,810.92,910,468.1,912895,740282544.80,69592,-3.15,-26.15,31.35,May,2024
2024-05-06,EQ,820.00,835.85,812,813.45,827.2,831.35,828.6,910,468.1,787489,652516647.65,40507,2.2,17.9,23.85,May,2024
2024-05-03,EQ,818.65,827.85,805.45,814.9,815,813.45,814.24,910,460.45,3294764,2682726799.05,54918,-0.18,-1.45,22.4,May,2024
2024-05-02,EQ,832.50,834.00,810.55,840.3,815,814.9,817.45,910,460.45,1579718,1291339944.80,62956,-3.02,-25.4,23.45,May,2024
2024-04-30,EQ,837.00,854.30,831.1,838.1,838.15,840.3,844.35,910,460.45,1493625,1261144065.50,92327,0.26,2.2,23.2,Apr,2024
2024-04-29,EQ,763.05,845.95,762.35,803.2,839.75,838.1,811.25,910,460.45,4253996,3451040505.80,129510,4.35,34.9,83.6,Apr,2024
2024-04-26,EQ,803.45,814.35,799.9,803.45,799.9,803.2,807.69,910,435.05,804242,649579370.50,47955,-0.03,-0.25,14.45,Apr,2024
2024-04-25,EQ,810.00,814.95,796.5,811,803.5,803.45,803.7,910,435.05,1069386,859465670.85,37145,-0.93,-7.55,18.45,Apr,2024
2024-04-24,EQ,772.00,816.70,760.6,760.6,810,811,797.21,910,435.05,3118514,2486102700.25,80003,6.63,50.4,56.1,Apr,2024
2024-04-23,EQ,766.80,768.95,757.5,758.05,764,760.6,760.39,910,435.05,2056157,1563488104.60,61169,0.34,2.55,11.45,Apr,2024
2024-04-22,EQ,770.00,778.95,752.55,772.85,760.5,758.05,760.32,910,435.05,2700907,2053541690.75,72020,-1.91,-14.8,26.4,Apr,2024
2024-04-19,EQ,779.00,779.55,748.45,778.1,773.95,772.85,766.76,910,435.05,1911786,1465872456.20,97004,-0.67,-5.25,31.1,Apr,2024
2024-04-18,EQ,823.65,827.50,770,817.95,787,778.1,787.04,910,435.05,2900471,2282774386.35,103234,-4.87,-39.85,57.5,Apr,2024
2024-04-16,EQ,829.20,829.95,807.6,833.35,822,817.95,817.37,910,435.05,1607447,1313882469.50,71343,-1.85,-15.4,22.35,Apr,2024
2024-04-15,EQ,855.00,861.00,830,870.45,833,833.35,839.71,910,435.05,1235862,1037760487.70,54151,-4.26,-37.1,31,Apr,2024
2024-04-12,EQ,861.00,894.80,852,864.35,871.5,870.45,872.46,910,434.2,2913519,2541939772.80,124205,0.71,6.1,42.8,Apr,2024
2024-04-10,EQ,833.95,868.00,829,828.4,865,864.35,852.53,910,434.2,1499624,1278472746.70,69160,4.34,35.95,39,Apr,2024
2024-04-09,EQ,824.80,833.85,819.55,820.55,829,828.4,828.41,910,434.2,1047058,867393740.70,37925,0.96,7.85,14.3,Apr,2024
2024-04-08,EQ,808.00,825.80,806.15,804.9,818.2,820.55,821.84,910,434.2,945713,777226486.00,24738,1.94,15.65,19.65,Apr,2024
2024-04-05,EQ,819.10,827.95,801,822.55,806.95,804.9,810.95,910,411.9,1332077,1080251303.40,41168,-2.15,-17.65,26.95,Apr,2024
2024-04-04,EQ,822.80,829.85,814.5,819.2,818,822.55,821.44,910,411.9,920610,756229871.80,54968,0.41,3.35,15.35,Apr,2024
2024-04-03,EQ,821.55,828.40,813.95,821.55,816.1,819.2,821.81,910,411.9,1159122,952581336.70,45323,-0.29,-2.35,14.45,Apr,2024
2024-04-02,EQ,832.95,832.95,803.55,817.25,820.5,821.55,814.85,910,411.9,1445651,1177982964.35,53273,0.53,4.3,29.4,Apr,2024
2024-04-01,EQ,833.40,833.40,813.25,819.9,815.95,817.25,819.91,910,411.9,1288099,1056119363.75,31386,-0.32,-2.65,20.15,Apr,2024
2024-03-28,EQ,824.95,827.00,797.3,802.3,817.1,819.9,813.07,910,411.9,2915768,2370734372.95,98094,2.19,17.6,29.7,Mar,2024
2024-03-27,EQ,773.90,812.25,756.05,775.35,810.45,802.3,782.66,910,411.9,4521190,3538556476.15,105228,3.48,26.95,56.2,Mar,2024
2024-03-26,EQ,745.00,783.00,737.5,739.05,773,775.35,754.44,910,411.9,4356667,3286827910.75,80755,4.91,36.3,45.5,Mar,2024
2024-03-22,EQ,749.95,749.95,730.2,748.8,741.7,739.05,737.68,910,411.9,3277615,2417828222.15,63818,-1.3,-9.75,19.75,Mar,2024
2024-03-21,EQ,773.00,773.00,741,757.85,747.2,748.8,745.69,910,411.9,3171469,2364925495.60,47945,-1.19,-9.05,32,Mar,2024
2024-03-20,EQ,734.85,763.90,732.6,734.85,763.1,757.85,745.56,910,411.9,3098570,2310182915.65,83780,3.13,23,31.3,Mar,2024
2024-03-19,EQ,730.00,738.80,720.9,730.45,730.8,734.85,729.96,910,411.9,1457609,1063992483.65,45892,0.6,4.4,17.9,Mar,2024
2024-03-18,EQ,726.80,736.15,719.45,726.95,731.95,730.45,729.69,910,411.9,3704848,2703378197.90,41938,0.48,3.5,16.7,Mar,2024
2024-03-15,EQ,732.00,738.95,721.3,732.35,724,726.95,728.62,910,411.9,2386791,1739059677.40,51258,-0.74,-5.4,17.65,Mar,2024
2024-03-14,EQ,742.45,746.90,725.4,744.45,731.65,732.35,733.16,910,411.9,2699327,1979041913.00,62990,-1.63,-12.1,21.5,Mar,2024
2024-03-13,EQ,770.00,773.00,735,768,744.9,744.45,747.62,910,411.9,2367867,1770275094.20,81523,-3.07,-23.55,38,Mar,2024
2024-03-12,EQ,771.00,771.80,750.8,765.6,765,768,762.25,910,411.9,1566168,1193815485.75,44509,0.31,2.4,21,Mar,2024
2024-03-11,EQ,781.00,787.65,752.25,750.15,762.95,765.6,763.94,910,411.9,4521321,3454014071.20,118760,2.06,15.45,35.4,Mar,2024
2024-03-07,EQ,758.60,768.25,742.1,759.5,747,750.15,752.19,910,411.9,2207414,1660402335.65,103431,-1.23,-9.35,26.15,Mar,2024
2024-03-06,EQ,734.50,764.75,727.5,729.9,755,759.5,742.28,910,411.9,4664547,3462377742.90,135648,4.06,29.6,37.25,Mar,2024
2024-03-05,EQ,742.05,773.80,725,747.4,729.95,729.9,743.68,910,411.9,9897323,7360395273.10,143219,-2.34,-17.5,48.8,Mar,2024
2024-03-04,EQ,769.00,769.00,727.15,770.35,747.5,747.4,743.05,910,411.9,10277103,7636424827.90,153290,-2.98,-22.95,41.85,Mar,2024
2024-03-02,EQ,737.00,773.55,737,736.75,773.55,770.35,764.38,910,411.9,389814,297966144.00,11276,4.56,33.6,36.55,Mar,2024
2024-03-01,EQ,786.60,786.60,706.45,793.35,737.5,736.75,734.55,910,411.9,20868068,15328635255.50,308681,-7.13,-56.6,80.15,Mar,2024
2024-02-29,EQ,851.90,856.35,773.3,851.55,788,793.35,793.7,910,411.9,12329497,9785915522.30,207320,-6.83,-58.2,83.05,Feb,2024
2024-02-28,EQ,857.00,868.55,842,849.9,850.9,851.55,857.27,910,411.9,2578836,2210763143.05,98513,0.19,1.65,26.55,Feb,2024
2024-02-27,EQ,840.00,861.90,824,835.1,852,849.9,839.77,910,411.9,3834883,3220419987.55,107880,1.77,14.8,37.9,Feb,2024
2024-02-26,EQ,850.05,862.00,829.3,851.9,835.95,835.1,836.32,910,411.9,2707416,2264258311.15,82947,-1.97,-16.8,32.7,Feb,2024
2024-02-23,EQ,856.00,859.00,843.95,857.9,851.75,851.9,851.46,910,411.9,2527769,2152293140.75,67545,-0.7,-6,15.05,Feb,2024
2024-02-22,EQ,863.40,867.20,842.55,854.05,852.5,857.9,858.59,910,411.9,1174562,1008462109.55,58838,0.45,3.85,24.65,Feb,2024
2024-02-21,EQ,865.95,869.95,840.45,866.15,854,854.05,858.12,910,411.9,1213900,1041671673.85,72501,-1.4,-12.1,29.5,Feb,2024
2024-02-20,EQ,842.80,869.55,840,842.75,867.3,866.15,862.3,910,411.9,1054960,909694006.55,52547,2.78,23.4,29.55,Feb,2024
2024-02-19,EQ,875.00,875.00,839,865.45,841.45,842.75,852.33,910,411.9,1320301,1125326489.25,35942,-2.62,-22.7,36,Feb,2024
2024-02-16,EQ,864.10,872.00,852.8,864.1,862.5,865.45,861.7,910,411.9,1395652,1202630974.50,59099,0.16,1.35,19.2,Feb,2024
2024-02-15,EQ,880.95,880.95,858.65,879.7,863.5,864.1,865.09,910,411.9,1124585,972872311.20,47916,-1.77,-15.6,22.3,Feb,2024
2024-02-14,EQ,896.55,896.55,860.5,899.1,871.5,879.7,871.48,910,411.9,2925047,2549117908.70,64662,-2.16,-19.4,36.05,Feb,2024
2024-02-13,EQ,880.00,910.00,872.1,875.9,897,899.1,896.44,910,411.9,2698960,2419459162.95,71388,2.65,23.2,37.9,Feb,2024
2024-02-12,EQ,880.00,897.65,865.95,874.4,877,875.9,878.93,897.65,411.9,2532944,2226286051.50,67896,0.17,1.5,31.7,Feb,2024
2024-02-09,EQ,871.20,883.90,860,862.3,874.05,874.4,868.35,883.9,411.9,7995614,6943005053.50,85591,1.4,12.1,23.9,Feb,2024
2024-02-08,EQ,839.00,878.00,832.35,832.35,875,862.3,853.42,878,411.9,2225158,1898990944.80,80507,3.6,29.95,45.65,Feb,2024
2024-02-07,EQ,830.00,844.95,799.6,821.4,831.95,832.35,820.37,844.95,411.9,1666580,1367207851.40,88155,1.33,10.95,45.35,Feb,2024
2024-02-06,EQ,794.00,828.10,790.25,789.55,824,821.4,809.26,828.1,411.9,1817434,1470769072.45,69728,4.03,31.85,37.85,Feb,2024
2024-02-05,EQ,779.00,794.30,776,766.4,789.35,789.55,787.1,812.5,411.9,1428938,1124722512.25,72350,3.02,23.15,18.3,Feb,2024
2024-02-02,EQ,795.50,795.50,762.15,803.1,766.8,766.4,769.81,812.5,411.9,5599059,4310213132.30,112065,-4.57,-36.7,33.35,Feb,2024
2024-02-01,EQ,780.00,812.50,772.25,780.8,799,803.1,797.25,812.5,411.9,3758898,2996785513.45,97681,2.86,22.3,40.25,Feb,2024
2024-01-31,EQ,734.05,797.80,722.2,736.4,788,780.8,768.27,804.65,411.9,4981773,3827348870.75,141682,6.03,44.4,75.6,Jan,2024
2024-01-30,EQ,730.00,755.60,723.95,725.15,727.8,736.4,744.47,804.65,411.9,2330223,1734775065.85,57747,1.55,11.25,31.65,Jan,2024
2024-01-29,EQ,696.70,731.35,694.8,732.5,721.2,725.15,713.75,804.65,411.9,2966004,2116990236.90,106449,-1,-7.35,36.55,Jan,2024
2024-01-25,EQ,738.00,752.25,715.1,737.05,731.7,732.5,731.16,804.65,411.9,2656478,1942311934.60,79585,-0.62,-4.55,37.15,Jan,2024
2024-01-24,EQ,767.05,779.65,728.3,776.05,739,737.05,759.1,804.65,411.9,8408539,6382944836.55,102662,-5.03,-39,51.35,Jan,2024
2024-01-23,EQ,757.00,804.65,750.45,748.9,768,776.05,781.84,804.65,411.9,4986823,3898882735.15,129594,3.63,27.15,54.2,Jan,2024
2024-01-20,EQ,739.00,758.00,733.7,731.8,749.5,748.9,748.21,760,411.9,396997,297037481.65,15557,2.34,17.1,24.3,Jan,2024
2024-01-19,EQ,715.00,738.40,711.3,704.9,731,731.8,720.9,760,411.9,4643725,3347669577.60,56933,3.82,26.9,27.1,Jan,2024
2024-01-18,EQ,719.10,724.85,699.5,731.85,711.3,704.9,711.1,760,411.9,6894521,4902702552.00,100598,-3.68,-26.95,25.35,Jan,2024
2024-01-17,EQ,711.00,742.50,705,718.2,727.2,731.85,726.56,760,411.9,2519522,1830587894.40,58830,1.9,13.65,37.5,Jan,2024
2024-01-16,EQ,732.00,738.00,709.85,727.8,724.9,718.2,723.72,760,411.9,1671115,1209414802.25,50473,-1.32,-9.6,28.15,Jan,2024
2024-01-15,EQ,725.00,739.75,720.3,737.45,730,727.8,730.14,760,411.9,1528224,1115814420.90,52459,-1.31,-9.65,19.45,Jan,2024
2024-01-12,EQ,749.90,760.00,730.5,743,738.9,737.45,747.43,760,411.9,886563,662643410.85,51786,-0.75,-5.55,29.5,Jan,2024
2024-01-11,EQ,735.90,748.00,731.15,734.2,743.2,743,741.11,748,411.9,784676,581532965.85,29118,1.2,8.8,16.85,Jan,2024
2024-01-10,EQ,718.00,741.30,715.1,716.2,735.9,734.2,725.96,745.95,411.9,1662467,1206888760.45,71583,2.51,18,26.2,Jan,2024
2024-01-09,EQ,709.20,720.90,704.8,704.45,718.5,716.2,712.55,745.95,411.9,1622878,1156376429.80,36479,1.67,11.75,16.1,Jan,2024
2024-01-08,EQ,719.00,719.95,697.55,714.75,705.85,704.45,709.11,745.95,411.9,1008539,715164186.10,45403,-1.44,-10.3,22.4,Jan,2024
2024-01-05,EQ,735.00,735.00,709.2,737.75,715,714.75,717.81,745.95,411.9,1790608,1285318369.30,39352,-3.12,-23,25.8,Jan,2024
2024-01-04,EQ,696.90,745.95,692.05,690.9,733.55,737.75,722.6,745.95,411.9,2104329,1520585380.75,59140,6.78,46.85,53.9,Jan,2024
2024-01-03,EQ,678.25,692.85,669.45,677.85,690.8,690.9,687.24,728,411.9,823250,565768144.05,32608,1.93,13.05,23.4,Jan,2024
2024-01-02,EQ,688.45,694.00,672.55,688.45,678.25,677.85,677.85,728,411.9,637956,432441450.55,25395,-1.54,-10.6,21.45,Jan,2024
2024-01-01,EQ,689.00,694.65,684.25,686.25,687.1,688.45,690.03,728,411.9,222961,153850019.95,12341,0.32,2.2,10.4,Jan,2024
2023-12-29,EQ,684.80,689.90,673.5,684.8,686,686.25,683.85,728,411.9,461141,315350380.35,30382,0.21,1.45,16.4,Dec,2023
2023-12-28,EQ,680.85,688.80,679.25,677.9,684.8,684.8,685.02,728,411.9,556324,381093062.05,26734,1.02,6.9,9.55,Dec,2023
2023-12-27,EQ,678.00,683.05,668.65,674.85,677,677.9,677.97,728,411.9,712857,483297124.55,30197,0.45,3.05,14.4,Dec,2023
2023-12-26,EQ,654.00,680.00,651.4,648.9,671,674.85,668.62,728,411.9,1132388,757135008.25,49541,4,25.95,28.6,Dec,2023
2023-12-22,EQ,656.70,656.70,636.05,649.85,649,648.9,647.06,728,411.9,1114675,721257021.65,37314,-0.15,-0.95,20.65,Dec,2023
2023-12-21,EQ,650.00,659.85,630.9,650.25,653,649.85,647.42,728,411.9,1703554,1102918958.85,57543,-0.06,-0.4,28.95,Dec,2023
2023-12-20,EQ,671.60,674.50,649,664,650,650.25,656.23,728,411.9,1532341,1005566149.85,55106,-2.07,-13.75,25.5,Dec,2023
2023-12-19,EQ,677.85,680.65,662.15,681.3,663.5,664,665.83,728,411.9,2165062,1441556657.25,66329,-2.54,-17.3,18.5,Dec,2023
2023-12-18,EQ,694.40,697.25,678,688.2,682,681.3,686.56,728,411.9,1515137,1040236141.90,53099,-1,-6.9,19.25,Dec,2023
2023-12-15,EQ,704.35,704.35,685.05,704.35,688.8,688.2,687.92,728,411.9,2477767,1704500557.65,67391,-2.29,-16.15,19.3,Dec,2023
2023-12-14,EQ,727.90,728.00,700.6,722.9,705.1,704.35,715.42,728,411.9,2951017,2111205076.40,62012,-2.57,-18.55,27.4,Dec,2023
2023-12-13,EQ,700.55,727.90,698,699.5,725,722.9,713.36,727.9,411.9,2023372,1443383484.35,96538,3.35,23.4,29.9,Dec,2023
2023-12-12,EQ,692.00,701.70,687.7,687.1,700.5,699.5,696.93,709,411.9,2146543,1495980228.50,85754,1.8,12.4,14,Dec,2023
2023-12-11,EQ,688.00,688.95,677.05,678.2,686,687.1,683.04,709,411.9,2210419,1509805734.05,29284,1.31,8.9,11.9,Dec,2023
2023-12-08,EQ,668.85,682.20,665.45,668.85,678,678.2,677.13,709,411.9,1594882,1079949289.95,50994,1.4,9.35,16.75,Dec,2023
2023-12-07,EQ,658.20,672.30,652,656.3,669.8,668.85,663,709,411.9,925542,613634260.70,24169,1.91,12.55,20.3,Dec,2023
2023-12-06,EQ,667.05,674.25,654.3,683.05,656.2,656.3,661.78,709,411.9,1640246,1085476213.25,41093,-3.92,-26.75,19.95,Dec,2023
2023-12-05,EQ,704.65,704.65,676,691.4,684,683.05,686.1,709,411.9,2104240,1443721486.10,41438,-1.21,-8.35,28.65,Dec,2023
2023-12-04,EQ,658.50,709.00,651.05,652.35,705,691.4,674.93,709,411.9,2292979,1547602573.70,104318,5.99,39.05,57.95,Dec,2023
2023-12-01,EQ,628.75,654.80,622.3,635.8,650,652.35,638.22,665.7,411.9,2242286,1431070155.80,93303,2.6,16.55,32.5,Dec,2023
2023-11-30,EQ,610.00,665.70,610,613.25,621,635.8,630.3,665.7,411.9,4826074,3041875398.15,96227,3.68,22.55,55.7,Nov,2023
2023-11-29,EQ,608.10,620.05,606.1,601.65,611.7,613.25,614.31,633.2,411.9,1325121,814038361.55,49747,1.93,11.6,13.95,Nov,2023
2023-11-28,EQ,611.05,620.10,599.15,612.75,600,601.65,607.23,633.2,411.9,1162012,705611557.00,42780,-1.81,-11.1,20.95,Nov,2023
2023-11-24,EQ,614.00,622.65,610.5,616.15,612.95,612.75,615.35,633.2,411.9,406450,250109099.15,22944,-0.55,-3.4,12.15,Nov,2023
2023-11-23,EQ,619.75,625.10,611.4,616.6,613.8,616.15,616.18,633.2,411.9,317529,195654517.95,22072,-0.07,-0.45,13.7,Nov,2023
2023-11-22,EQ,605.20,620.95,600.45,604.3,615.5,616.6,613.38,633.2,411.9,1280034,785148271.80,35098,2.04,12.3,20.5,Nov,2023
2023-11-21,EQ,618.15,619.00,602.95,621.55,603.35,604.3,608.43,633.2,411.9,1401574,852754335.30,41946,-2.78,-17.25,16.05,Nov,2023
2023-11-20,EQ,612.00,633.20,609.85,607.75,619,621.55,622.87,633.2,411.9,1175478,732170598.80,47959,2.27,13.8,23.35,Nov,2023
2023-11-17,EQ,616.90,623.65,605.4,615.4,610,607.75,613.42,630,410.5,1267033,777217756.95,46313,-1.24,-7.65,18.25,Nov,2023
2023-11-16,EQ,601.80,619.95,599.65,599.15,614.1,615.4,613.62,630,410.5,2079626,1276097300.25,72998,2.71,16.25,20.3,Nov,2023
2023-11-15,EQ,599.90,600.95,590.1,592.75,600,599.15,598.25,630,410.5,1593488,953307360.35,62393,1.08,6.4,10.85,Nov,2023
2023-11-13,EQ,592.00,600.00,591.05,596.1,592.35,592.75,594.45,630,410.5,553676,329133232.10,41703,-0.56,-3.35,8.95,Nov,2023
2023-11-12,EQ,598.60,599.95,594,592.9,596.25,596.1,596.72,630,410.5,57245,34159133.55,2684,0.54,3.2,5.95,Nov,2023
2023-11-10,EQ,593.25,596.60,586.2,593.25,591.4,592.9,589.96,630,410.5,589487,347772012.60,18085,-0.06,-0.35,10.4,Nov,2023
2023-11-09,EQ,591.50,596.85,585.4,590.6,591.8,593.25,590.61,630,410.5,684644,404355683.85,22278,0.45,2.65,11.45,Nov,2023
2023-11-08,EQ,598.00,599.50,583.95,597.45,590.9,590.6,592.27,630,410.5,1129811,669149910.70,34881,-1.15,-6.85,15.55,Nov,2023
2023-11-07,EQ,593.00,601.90,586.05,594,598,597.45,597.01,630,410.5,1207597,720953185.45,37190,0.58,3.45,15.85,Nov,2023
2023-11-06,EQ,582.95,609.00,570,578.15,600.95,594,586.21,630,410.5,1436518,842102096.20,37621,2.74,15.85,39,Nov,2023
2023-11-03,EQ,585.45,585.45,572.05,581.4,577.05,578.15,575.38,630,410.5,1792687,1031484648.05,35151,-0.56,-3.25,13.4,Nov,2023
2023-11-02,EQ,578.95,589.00,576,576.45,581.1,581.4,583.53,630,410.5,783304,457079870.15,28546,0.86,4.95,13,Nov,2023
2023-11-01,EQ,574.95,583.95,569.05,573.75,576,576.45,575.9,630,410.5,941968,542481513.45,18147,0.47,2.7,14.9,Nov,2023
2023-10-31,EQ,581.00,593.55,571,576.15,573,573.75,578.84,630,410.5,888784,514468164.60,56958,-0.42,-2.4,22.55,Oct,2023
2023-10-30,EQ,563.50,581.95,562,563.8,580,576.15,570.33,630,410.5,1499242,855063623.75,35931,2.19,12.35,19.95,Oct,2023
2023-10-27,EQ,558.80,568.70,546,549.05,563,563.8,560.34,630,409.05,2562523,1435889238.50,47804,2.69,14.75,22.7,Oct,2023
2023-10-26,EQ,562.00,562.00,538.65,569.1,550.2,549.05,548.92,630,409.05,1923369,1055773380.00,62322,-3.52,-20.05,23.35,Oct,2023
2023-10-25,EQ,580.05,580.95,549.1,577.85,572.9,569.1,564.17,630,409.05,2723739,1536653913.30,66187,-1.51,-8.75,31.85,Oct,2023
2023-10-23,EQ,585.00,585.20,573.65,584.05,576,577.85,578.9,630,409.05,671461,388705898.45,24034,-1.06,-6.2,11.55,Oct,2023
2023-10-20,EQ,579.90,586.40,570.65,579.9,585.2,584.05,577.68,630,389.1,862440,498217472.00,34165,0.72,4.15,15.75,Oct,2023
2023-10-19,EQ,576.90,597.95,574.6,577.9,581.5,579.9,582.12,630,389.1,2949605,1717019584.90,35341,0.35,2,23.35,Oct,2023
2023-10-18,EQ,579.90,583.60,575.55,573.9,578.5,577.9,578.89,630,389.1,862247,499148673.40,27090,0.7,4,8.05,Oct,2023
2023-10-17,EQ,582.00,584.00,571.25,576.45,574.8,573.9,576.9,630,389.1,822914,474737907.90,25501,-0.44,-2.55,12.75,Oct,2023
2023-10-16,EQ,582.90,589.25,573.6,582.8,577.5,576.45,581.51,630,389.1,1225625,712709007.55,35998,-1.09,-6.35,15.65,Oct,2023
2023-10-13,EQ,581.80,595.00,578.6,580.9,580.05,582.8,583.72,630,389.1,1155915,674736268.85,28148,0.33,1.9,16.4,Oct,2023
2023-10-12,EQ,578.90,597.70,577.45,573.95,582.05,580.9,587.04,630,389.1,1897603,1113967157.75,57909,1.21,6.95,20.25,Oct,2023
2023-10-11,EQ,563.70,586.85,562.6,555,575,573.95,577.75,630,389.1,2895695,1672991783.05,99519,3.41,18.95,24.25,Oct,2023
2023-10-10,EQ,570.35,571.85,552,568.6,562,555,557.14,630,389.1,2636074,1468653824.80,42408,-2.39,-13.6,19.85,Oct,2023
2023-10-09,EQ,554.90,575.10,553.25,560.7,567.75,568.6,568.73,630,389.1,1046123,594960609.45,59420,1.41,7.9,21.85,Oct,2023
2023-10-06,EQ,564.00,567.80,558,562.5,561.85,560.7,560.1,630,389.1,1590442,890807436.85,21640,-0.32,-1.8,9.8,Oct,2023
2023-10-05,EQ,575.00,575.90,560,570.2,563.05,562.5,567.27,630,389.1,753385,427371171.75,29567,-1.35,-7.7,15.9,Oct,2023
2023-10-04,EQ,590.00,590.00,563.35,592.2,570,570.2,570.07,630,389.1,1642684,936438189.35,50553,-3.71,-22,26.65,Oct,2023
2023-10-03,EQ,568.95,601.00,562.95,567.4,592.8,592.2,593.12,630,389.1,3015887,1788784298.95,75191,4.37,24.8,38.05,Oct,2023
2023-09-29,EQ,569.95,574.70,558.7,569.6,567.25,567.4,566.19,630,388.1,1680436,951443032.65,41954,-0.39,-2.2,16,Sep,2023
2023-09-28,EQ,578.75,581.00,563.2,573.6,569.5,569.6,569.4,630,388.1,1088420,619748299.75,31008,-0.7,-4,17.8,Sep,2023
2023-09-27,EQ,570.65,578.80,563.65,566.05,574.2,573.6,572.93,630,388.1,927353,531307849.25,32952,1.33,7.55,15.15,Sep,2023
2023-09-26,EQ,558.00,569.75,550.95,556.15,566.25,566.05,563.93,630,388.1,964757,544057676.05,28615,1.78,9.9,18.8,Sep,2023
2023-09-25,EQ,543.45,561.55,531.05,543.25,557,556.15,547.04,630,388.1,2248687,1230120849.90,48022,2.37,12.9,30.5,Sep,2023
2023-09-22,EQ,555.85,559.40,538.5,556.25,545,543.25,546.16,630,388.1,2153657,1176250624.55,59519,-2.34,-13,20.9,Sep,2023
2023-09-21,EQ,554.70,565.55,547.55,554.15,555.5,556.25,557.26,630,388.1,1552347,865062748.25,39174,0.38,2.1,18,Sep,2023
2023-09-20,EQ,570.00,572.00,551.25,574.4,556,554.15,559.64,630,388.1,2159490,1208546083.90,72001,-3.53,-20.25,20.75,Sep,2023
2023-09-18,EQ,572.45,582.40,565.6,572.45,576,574.4,575.53,630,388.1,1308820,753259624.00,24084,0.34,1.95,16.8,Sep,2023
2023-09-15,EQ,585.00,596.80,567.2,583.95,568,572.45,577.83,630,388.1,4633092,2677139034.90,51678,-1.97,-11.5,29.6,Sep,2023
2023-09-14,EQ,586.70,588.80,582.1,582.7,582.85,583.95,584.6,630,388.1,1195049,698624168.75,38143,0.21,1.25,6.7,Sep,2023
2023-09-13,EQ,611.00,611.50,577.35,618.45,580.6,582.7,589.99,630,388.1,3433999,2026030049.15,91145,-5.78,-35.75,34.15,Sep,2023
2023-09-12,EQ,628.00,628.00,605,622.15,620,618.45,616.75,630,388.1,3420837,2109802926.55,61801,-0.59,-3.7,23,Sep,2023
2023-09-11,EQ,603.00,625.00,603,603,625,622.15,614.26,630,388.1,1437966,883288623.00,38179,3.18,19.15,22,Sep,2023
2023-09-08,EQ,596.60,608.80,593.1,602.95,603,603,602.19,630,376.5,1305445,786124002.45,35116,0.01,0.05,15.7,Sep,2023
2023-09-07,EQ,585.00,606.15,585,588.6,601.45,602.95,600.72,630,376.5,1855655,1114721058.75,47571,2.44,14.35,21.15,Sep,2023
2023-09-06,EQ,593.45,595.00,580.5,594.45,590,588.6,588.56,630,376.5,1165805,686149050.50,44954,-0.98,-5.85,14.5,Sep,2023
2023-09-05,EQ,577.00,596.95,575.45,574.75,596.5,594.45,592.16,630,376.5,1604634,950193019.85,37266,3.43,19.7,21.5,Sep,2023
2023-09-04,EQ,574.00,580.90,573,574.95,573.8,574.75,575.31,630,376.5,1737657,999683606.40,18187,-0.03,-0.2,7.9,Sep,2023
2023-09-01,EQ,589.55,590.00,573,589.55,574.95,574.95,576.35,630,365.75,1244029,717001168.25,28419,-2.48,-14.6,17,Sep,2023
2023-08-31,EQ,580.00,599.00,570.65,575.35,587,589.55,585.54,630,365.75,3059199,1791278635.90,46869,2.47,14.2,28.35,Aug,2023
2023-08-30,EQ,563.00,578.40,563,562.1,573.5,575.35,572.57,630,365.75,1411015,807903732.70,47123,2.36,13.25,15.4,Aug,2023
2023-08-29,EQ,560.00,569.85,559.95,554.95,563.9,562.1,562.56,630,365.75,2057981,1157737097.85,46491,1.29,7.15,9.9,Aug,2023
2023-08-28,EQ,560.00,561.25,551.1,553.6,552.7,554.95,555.08,630,365.75,1495246,829983253.75,38689,0.24,1.35,10.15,Aug,2023
2023-08-25,EQ,563.30,563.30,548,563.3,554,553.6,552.81,630,365.75,2226658,1230919789.60,39502,-1.72,-9.7,15.3,Aug,2023
2023-08-24,EQ,584.55,591.20,560.25,580.6,566.05,563.3,574.3,630,365.75,2650485,1522167530.75,60073,-2.98,-17.3,30.95,Aug,2023
2023-08-23,EQ,573.00,582.95,563.05,569.25,580,580.6,578.57,630,365.75,2227045,1288509259.05,61622,1.99,11.35,19.9,Aug,2023
2023-08-22,EQ,551.00,570.00,548.5,551,568.05,569.25,564.18,630,365.75,1524899,860313174.60,32742,3.31,18.25,21.5,Aug,2023
2023-08-21,EQ,530.80,554.80,530,533.4,552.05,551,549.5,630,365.75,1896773,1042272593.15,44959,3.3,17.6,24.8,Aug,2023
2023-08-18,EQ,544.50,547.95,530,541.7,533.9,533.4,537.56,630,354.1,1426478,766817612.30,39423,-1.53,-8.3,17.95,Aug,2023
2023-08-17,EQ,534.00,552.70,526.4,532,541.85,541.7,540.03,630,354.1,2257605,1219183710.25,54765,1.82,9.7,26.3,Aug,2023
2023-08-16,EQ,521.70,538.85,512.65,521.7,534,532,528.68,630,354.1,3631270,1919769521.05,112431,1.97,10.3,26.2,Aug,2023
2023-08-14,EQ,529.00,529.00,508.5,529.85,522.2,521.7,519.14,630,354.1,1978810,1027280817.45,60008,-1.54,-8.15,20.5,Aug,2023
2023-08-11,EQ,537.15,540.95,525.55,536.75,527,529.85,531.44,630,354.1,2626634,1395890235.30,68762,-1.29,-6.9,15.4,Aug,2023
2023-08-10,EQ,549.95,551.45,532.1,549.95,536.3,536.75,541.4,630,354.1,1880862,1018291663.10,44206,-2.4,-13.2,19.35,Aug,2023
2023-08-09,EQ,558.00,559.00,545.4,559.5,550,549.95,550.64,630,354.1,2275351,1252892120.30,41496,-1.71,-9.55,13.6,Aug,2023
2023-08-08,EQ,590.00,591.95,554.05,583.35,559.5,559.5,563.64,630,354.1,2930572,1651776716.25,78906,-4.09,-23.85,37.9,Aug,2023
2023-08-07,EQ,545.15,588.95,539.75,538.3,585.75,583.35,567.47,630,354.1,3104167,1761529467.15,72704,8.37,45.05,49.2,Aug,2023
2023-08-04,EQ,550.05,552.30,527,555.7,540.85,538.3,534.36,630,354.1,4948029,2644026484.80,112586,-3.13,-17.4,25.3,Aug,2023
2023-08-03,EQ,571.20,574.00,546.7,571.2,552.3,555.7,551.41,630,354.1,3497717,1928669241.80,82674,-2.71,-15.5,27.3,Aug,2023
2023-08-02,EQ,573.00,580.90,540.5,572.3,576.05,571.2,558.69,630,354.1,3918130,2189017112.05,84176,-0.19,-1.1,40.4,Aug,2023
2023-08-01,EQ,594.90,594.95,568.25,594.9,574.8,572.3,577.83,630,354.1,2483065,1434779666.85,64325,-3.8,-22.6,26.7,Aug,2023
2023-07-31,EQ,604.00,605.80,589.8,606.05,592,594.9,597.14,630,354.1,1734925,1035997888.20,76073,-1.84,-11.15,16,Jul,2023
2023-07-28,EQ,604.00,609.80,603,602.95,606.6,606.05,605.9,630,354.1,373573,226348953.90,29019,0.51,3.1,6.8,Jul,2023
2023-07-27,EQ,609.80,609.95,600.65,607.95,604,602.95,604.42,630,354.1,659020,398323129.00,21249,-0.82,-5,9.3,Jul,2023
2023-07-26,EQ,614.20,614.20,602,610.9,608.5,607.95,607.33,630,354.1,1216343,738724149.20,36327,-0.48,-2.95,12.2,Jul,2023
2023-07-25,EQ,614.30,618.00,605.4,611.65,610.3,610.9,613.33,630,354.1,1265799,776357769.70,29210,-0.12,-0.75,12.6,Jul,2023
2023-07-24,EQ,606.90,615.00,600,602.75,610.8,611.65,608.77,630,354.1,1127005,686088448.80,29916,1.48,8.9,15,Jul,2023
2023-07-21,EQ,605.45,611.75,600,609.25,602.95,602.75,605.2,630,353.6,814579,492983111.05,25274,-1.07,-6.5,11.75,Jul,2023
2023-07-20,EQ,610.00,616.55,605.05,611.55,612,609.25,610.36,630,353.6,686740,419161530.45,25104,-0.38,-2.3,11.5,Jul,2023
2023-07-19,EQ,605.00,614.75,600,603.9,612.95,611.55,606.46,630,353.6,2483696,1506268474.75,30076,1.27,7.65,14.75,Jul,2023
2023-07-18,EQ,611.90,611.95,601,612,606,603.9,604.77,630,353.6,1057388,639481785.05,39645,-1.32,-8.1,10.95,Jul,2023
2023-07-17,EQ,604.20,613.00,599.15,600.75,611.95,612,604.91,630,353.6,2039007,1233420956.95,26021,1.87,11.25,13.85,Jul,2023
2023-07-14,EQ,621.00,622.10,595.05,619.15,601.45,600.75,607.08,630,353.6,2456766,1491463204.25,47171,-2.97,-18.4,27.05,Jul,2023
2023-07-13,EQ,617.90,623.00,614,615.2,618.3,619.15,619.87,630,353.6,1496863,927860996.35,37735,0.64,3.95,9,Jul,2023
2023-07-12,EQ,621.00,621.40,611.45,619.4,614.1,615.2,615.23,630,353.6,1131249,695981044.25,37982,-0.68,-4.2,9.95,Jul,2023
2023-07-11,EQ,614.65,623.20,611.25,612.65,619,619.4,619.79,630,353.6,2169591,1344698429.80,47639,1.1,6.75,11.95,Jul,2023
2023-07-10,EQ,610.00,617.20,608.6,609.9,610.4,612.65,613.22,630,353.6,812693,498356884.40,27030,0.45,2.75,8.6,Jul,2023
2023-07-07,EQ,613.80,619.40,605.4,614.25,611.4,609.9,613.73,630,353.6,819005,502645709.55,20721,-0.71,-4.35,14,Jul,2023
2023-07-06,EQ,607.70,618.60,602.1,603.65,614,614.25,610.69,630,353.6,6200292,3786458963.15,71048,1.76,10.6,16.5,Jul,2023
2023-07-05,EQ,598.00,612.35,593.85,593.85,604.3,603.65,601.11,630,353.6,4900045,2945486524.80,40390,1.65,9.8,18.5,Jul,2023
2023-07-04,EQ,605.00,608.60,590.15,605.85,593.9,593.85,597.84,630,353.6,1323219,791075782.85,23780,-1.98,-12,18.45,Jul,2023
2023-07-03,EQ,600.00,608.40,596,599.45,605.2,605.85,604.39,630,353.6,1215993,734939707.80,20639,1.07,6.4,12.4,Jul,2023
2023-06-30,EQ,609.00,620.85,596.7,603.3,600,599.45,606.96,630,353.6,2202968,1337121507.60,65551,-0.64,-3.85,24.15,Jun,2023
2023-06-28,EQ,609.70,623.45,598.3,609.65,602.9,603.3,614.48,630,353.6,5720825,3515332327.70,32626,-1.04,-6.35,25.15,Jun,2023
2023-06-27,EQ,609.65,616.85,605.85,602.65,608.2,609.65,610.57,630,353.6,1876097,1145493321.75,40378,1.16,7,11,Jun,2023
2023-06-26,EQ,578.65,609.00,578.65,580.55,605.5,602.65,598.56,630,353.6,2073893,1241341621.70,43462,3.81,22.1,30.35,Jun,2023
2023-06-23,EQ,577.00,585.50,565.25,580.95,580,580.55,577.89,630,348.85,1464594,846381079.30,30900,-0.07,-0.4,20.25,Jun,2023
2023-06-22,EQ,581.40,586.95,571.25,579.4,579,580.95,581.95,630,348.85,1288376,749766471.55,36960,0.27,1.55,15.7,Jun,2023
2023-06-21,EQ,588.45,594.80,575.55,584.05,577.9,579.4,581.86,630,348.85,2094468,1218679228.35,28479,-0.8,-4.65,19.25,Jun,2023
2023-06-20,EQ,601.25,602.85,582.35,601.65,584,584.05,587.54,630,348.85,1970415,1157689251.10,56520,-2.93,-17.6,20.5,Jun,2023
2023-06-19,EQ,597.35,630.00,595.5,594.4,601.2,601.65,610.74,630,348.85,2090957,1277034615.65,52370,1.22,7.25,34.5,Jun,2023
2023-06-16,EQ,590.00,600.55,585.85,585,595.95,594.4,593,600.55,344.4,1938902,1149777749.85,49160,1.61,9.4,14.7,Jun,2023
2023-06-15,EQ,585.65,593.45,575.65,583.4,587.95,585,584.82,593.45,344.4,1516197,886706857.85,37161,0.27,1.6,17.8,Jun,2023
2023-06-14,EQ,575.00,584.65,573.25,576.55,584.4,583.4,580.15,584.65,344.4,2597751,1507097264.40,34024,1.19,6.85,11.4,Jun,2023
2023-06-13,EQ,569.05,579.70,567.05,566.85,575.2,576.55,575.05,579.7,344.4,4835369,2780588384.15,47098,1.71,9.7,12.65,Jun,2023
2023-06-12,EQ,571.90,573.70,562.95,569.7,570,566.85,568.89,577.4,344.4,986664,561300023.55,34647,-0.5,-2.85,10.75,Jun,2023
2023-06-09,EQ,559.40,577.40,557.5,557.4,570,569.7,569.41,577.4,344.4,4518069,2572637853.70,71939,2.21,12.3,19.9,Jun,2023
2023-06-08,EQ,559.85,562.10,549.05,559.85,560,557.4,556.95,565,344.4,3580397,1994111239.25,76671,-0.44,-2.45,13.05,Jun,2023
2023-06-07,EQ,526.95,565.00,526.75,523.9,561,559.85,553.34,565,344.4,6091207,3370493983.35,87487,6.86,35.95,38.25,Jun,2023
2023-06-06,EQ,510.00,528.00,508.8,519.05,525.05,523.9,513.94,564.75,344.4,3902253,2005532776.85,34797,0.93,4.85,19.2,Jun,2023
2023-06-05,EQ,533.75,537.40,515,531,519.3,519.05,524.14,564.75,344.4,2212840,1159845290.40,52417,-2.25,-11.95,22.4,Jun,2023
2023-06-02,EQ,532.00,539.00,527.5,532.95,531.3,531,534.43,564.75,344.4,3976828,2125319481.60,39014,-0.37,-1.95,11.5,Jun,2023
2023-06-01,EQ,545.85,547.90,528.1,549.45,529.95,532.95,536.08,564.75,344.4,5171685,2772437931.90,73153,-3,-16.5,19.8,Jun,2023
2023-05-31,EQ,542.00,562.00,522.15,535.75,542,549.45,547.53,564.75,344.4,101078986,55343814120.05,251190,2.56,13.7,39.85,May,2023
2023-05-30,EQ,539.80,546.80,532.55,536.9,534.3,535.75,541.97,564.75,344.4,7783524,4218442385.40,54568,-0.21,-1.15,14.25,May,2023
2023-05-29,EQ,542.40,548.00,534.05,540.2,535.35,536.9,540.22,564.75,344.4,2280303,1231871384.00,42009,-0.61,-3.3,13.95,May,2023
2023-05-26,EQ,540.45,556.95,535,536.7,537.95,540.2,544.81,564.75,344.4,4479668,2440576011.75,92733,0.65,3.5,21.95,May,2023
2023-05-25,EQ,559.90,559.90,528.5,557.75,536,536.7,544.93,564.75,344.4,4286399,2335777995.60,86991,-3.77,-21.05,31.4,May,2023
2023-05-24,EQ,555.55,562.50,550,553.75,559.75,557.75,555.31,564.75,344.4,13088349,7268034431.90,65570,0.72,4,12.5,May,2023
2023-05-23,EQ,558.00,564.75,546.45,552.55,555,553.75,552.38,564.75,344.4,9698831,5357463245.25,77264,0.22,1.2,18.3,May,2023
2023-05-22,EQ,549.90,558.85,543.25,545.15,550.45,552.55,550.37,558.85,344.4,12219797,6725451275.55,106865,1.36,7.4,15.6,May,2023
2023-05-19,EQ,534.25,552.10,534.25,534.2,543,545.15,545.04,552.1,344.4,6724371,3665049170.40,79253,2.05,10.95,17.85,May,2023
2023-05-18,EQ,524.90,536.00,520.05,522.6,534.4,534.2,531.13,536,344.4,4751726,2523773828.00,82266,2.22,11.6,15.95,May,2023
2023-05-17,EQ,512.30,528.40,508.5,507.75,519.55,522.6,519.17,528.4,344.4,5215249,2707596016.00,147889,2.92,14.85,19.9,May,2023
2023-05-16,EQ,521.90,525.00,502,519.9,506.2,507.75,514.42,525,344.4,5650467,2906722854.55,114756,-2.34,-12.15,23,May,2023
2023-05-15,EQ,499.50,524.70,495.6,499.85,520,519.9,516.17,524.7,344.4,4278648,2208495695.20,83153,4.01,20.05,29.1,May,2023
2023-05-12,EQ,509.00,513.25,497.25,484.05,497.3,499.85,503.33,513.25,344.4,13431020,6760282316.55,171686,3.26,15.8,16,May,2023
2023-05-11,EQ,480.00,485.80,478.6,480.15,482,484.05,482.87,495,344.4,2023509,977086509.75,55873,0.81,3.9,7.2,May,2023
2023-05-10,EQ,483.25,483.25,468.1,481.3,478.2,480.15,476.18,495,344.4,1761012,838558240.25,59117,-0.24,-1.15,15.15,May,2023
2023-05-09,EQ,481.10,484.75,471.2,478.6,481.5,481.3,479.85,495,344.4,2152420,1032839000.75,62023,0.56,2.7,13.55,May,2023
2023-05-08,EQ,487.50,490.35,474.35,484.25,479.5,478.6,482.31,495,344.4,1935690,933610938.35,58540,-1.17,-5.65,16,May,2023
2023-05-05,EQ,480.00,486.00,476.1,481.15,482.2,484.25,482.88,495,344.4,707698,341729892.05,21993,0.64,3.1,9.9,May,2023
2023-05-04,EQ,471.65,484.40,469.05,476.05,478.5,481.15,477.97,495,344.4,1219061,582671393.55,98198,1.07,5.1,15.35,May,2023
2023-05-03,EQ,474.70,482.40,468.25,474.8,473.3,476.05,476.03,495,344.4,2804318,1334936556.95,51845,0.26,1.25,14.15,May,2023
2023-05-02,EQ,460.90,479.00,460.45,460.05,474.2,474.8,470.52,495,344.4,1893299,890829099.55,96793,3.21,14.75,18.55,May,2023
2023-04-28,EQ,454.00,462.10,449,452.2,456,460.05,455.74,495,344.4,1111659,506629888.75,45022,1.74,7.85,13.1,Apr,2023
2023-04-27,EQ,442.55,454.40,438.45,440.3,453.7,452.2,450.41,495,344.4,1152173,518947450.70,38160,2.7,11.9,15.95,Apr,2023
2023-04-26,EQ,441.05,445.35,436.9,440.1,441.45,440.3,440.93,495,344.4,1125684,496344464.75,35440,0.05,0.2,8.45,Apr,2023
2023-04-25,EQ,447.00,450.55,435.05,449.8,438.15,440.1,447.49,495,344.4,8063667,3608402631.55,86311,-2.16,-9.7,15.5,Apr,2023
2023-04-24,EQ,453.45,454.15,443,453.45,449.65,449.8,448.16,495,344.4,948444,425058035.50,46591,-0.8,-3.65,11.15,Apr,2023
2023-04-21,EQ,466.60,467.25,451.15,465.4,452.45,453.45,454.7,495,344.4,1280680,582329706.90,61328,-2.57,-11.95,16.1,Apr,2023
2023-04-20,EQ,471.40,475.90,465,469.8,465.45,465.4,469.09,495,344.4,1116003,523510918.20,51518,-0.94,-4.4,10.9,Apr,2023
2023-04-19,EQ,466.25,477.95,464.55,463.9,470.95,469.8,470.64,495,344.4,2420589,1139219533.35,58634,1.27,5.9,13.4,Apr,2023
2023-04-18,EQ,471.00,471.00,460.25,471.3,462.5,463.9,465.52,495,344.4,2523101,1174554336.00,69870,-1.57,-7.4,10.75,Apr,2023
2023-04-17,EQ,473.60,474.90,457.1,471.65,471.9,471.3,468.41,495,344.4,2158139,1010886504.40,75649,-0.07,-0.35,17.8,Apr,2023
2023-04-13,EQ,479.00,495.00,468.35,479,471.9,471.65,478.69,495,344.4,4208505,2014588572.90,151620,-1.53,-7.35,26.65,Apr,2023
2023-04-12,EQ,450.20,486.25,438.5,450.9,477.35,479,454.61,486.25,344.4,14214382,6461999638.55,80281,6.23,28.1,47.75,Apr,2023
2023-04-11,EQ,443.00,459.90,442.2,440.7,450,450.9,449.85,482.8,344.4,2277870,1024697431.65,68670,2.31,10.2,17.7,Apr,2023
2023-04-10,EQ,436.10,451.50,434.2,430.35,441.45,440.7,445.61,482.8,344.4,2007612,894610658.85,45275,2.41,10.35,17.3,Apr,2023
2023-04-06,EQ,415.75,434.95,411.9,419.15,433,430.35,425.82,482.8,344.2,1942520,827154786.10,100485,2.67,11.2,23.05,Apr,2023
2023-04-05,EQ,428.00,431.90,413.1,432.7,417,419.15,422.58,482.8,344.2,3115322,1316457278.25,100965,-3.13,-13.55,18.8,Apr,2023
2023-04-03,EQ,436.45,439.00,431.55,441.1,432,432.7,434.65,482.8,344.2,1582788,687962249.35,41039,-1.9,-8.4,7.45,Apr,2023
2023-03-31,EQ,450.20,451.35,436,451.7,437.45,441.1,444.57,482.8,333.45,1529683,680045361.45,87755,-2.35,-10.6,15.35,Mar,2023
2023-03-29,EQ,443.80,458.00,443.8,449.95,450.25,451.7,450.02,482.8,333.45,1158628,521404200.75,49320,0.39,1.75,14.2,Mar,2023
2023-03-28,EQ,459.40,460.95,448,459.4,450,449.95,450.04,482.8,333.45,3066496,1380059127.25,58655,-2.06,-9.45,12.95,Mar,2023
2023-03-27,EQ,463.70,465.75,449.65,460.7,460,459.4,458.67,482.8,333.45,1234579,566264904.15,59027,-0.28,-1.3,16.1,Mar,2023
2023-03-24,EQ,466.15,467.55,458,466.85,461.25,460.7,461.78,482.8,326.15,2188315,1010520708.55,99655,-1.32,-6.15,9.55,Mar,2023
2023-03-23,EQ,468.00,469.35,461.85,466.95,466.55,466.85,466.06,482.8,326.15,1275635,594528617.05,70064,-0.02,-0.1,7.5,Mar,2023
2023-03-22,EQ,465.15,469.50,463.6,464.5,467.95,466.95,466.88,482.8,326.15,1861207,868962913.15,67020,0.53,2.45,5.9,Mar,2023
2023-03-21,EQ,468.40,470.45,461.65,468.2,463.8,464.5,465.95,482.8,326.15,5089755,2371584651.70,68039,-0.79,-3.7,8.8,Mar,2023
2023-03-20,EQ,474.95,474.95,458.6,460.05,469,468.2,468.8,482.8,326.15,4308178,2019656201.10,66172,1.77,8.15,16.35,Mar,2023
2023-03-17,EQ,463.10,469.90,458.75,464.4,460,460.05,460.95,482.8,326.15,2885033,1329858722.60,57528,-0.94,-4.35,11.15,Mar,2023
2023-03-16,EQ,467.00,470.95,457.6,468.7,464,464.4,465.69,482.8,326.15,1794019,835463794.05,151877,-0.92,-4.3,13.35,Mar,2023
2023-03-15,EQ,466.15,477.05,463,468.65,465.9,468.7,467.32,482.8,326.15,2164066,1011308915.15,80293,0.01,0.05,14.05,Mar,2023
2023-03-14,EQ,465.80,477.80,462.3,462.7,465,468.65,470.51,482.8,326.15,3975743,1870608394.60,111736,1.29,5.95,15.5,Mar,2023
2023-03-13,EQ,460.05,468.00,453.6,457.75,461.5,462.7,463.61,482.8,326.15,2062560,956222496.05,51506,1.08,4.95,14.4,Mar,2023
2023-03-10,EQ,453.20,461.80,450.15,453.2,460,457.75,456.15,482.8,326.15,3705846,1690436409.00,121740,1,4.55,11.65,Mar,2023
2023-03-09,EQ,437.95,455.40,436.05,437.95,451.5,453.2,450.04,482.8,326.15,2527509,1137473470.65,60441,3.48,15.25,19.35,Mar,2023
2023-03-08,EQ,424.00,439.00,424,430.8,436.5,437.95,433.96,482.8,326.15,1164589,505390263.20,28797,1.66,7.15,15,Mar,2023
2023-03-06,EQ,428.00,432.60,426.55,425.45,430,430.8,429.67,482.8,326.15,1027758,441595071.65,49341,1.26,5.35,6.05,Mar,2023
2023-03-03,EQ,429.95,431.50,423.05,429.4,424.2,425.45,426.91,482.8,326.15,618261,263940143.15,18129,-0.92,-3.95,8.45,Mar,2023
2023-03-02,EQ,433.50,433.75,428.5,433.55,428.6,429.4,431.2,482.8,326.15,709558,305961495.75,31190,-0.96,-4.15,5.25,Mar,2023
2023-03-01,EQ,428.25,435.00,426.5,426.1,434.1,433.55,430.69,482.8,326.15,1340035,577134241.75,42595,1.75,7.45,8.5,Mar,2023
2023-02-28,EQ,427.15,434.00,423.1,429.65,433,426.1,426.5,482.8,326.15,1538948,656367018.85,32411,-0.83,-3.55,10.9,Feb,2023
2023-02-27,EQ,431.60,431.80,425.3,431.6,426.65,429.65,429.23,482.8,326.15,649946,278975561.65,24466,-0.45,-1.95,6.5,Feb,2023
2023-02-24,EQ,428.25,433.90,427.15,428.25,430.1,431.6,431.84,482.8,326.15,752460,324942557.00,16508,0.78,3.35,6.75,Feb,2023
2023-02-23,EQ,432.25,432.90,426.15,431.25,428,428.25,429.05,482.8,326.15,1027573,440877223.65,18251,-0.7,-3,6.75,Feb,2023
2023-02-22,EQ,431.15,437.35,429.45,433.2,430.5,431.25,431.87,482.8,326.15,1080016,466430888.70,22903,-0.45,-1.95,7.9,Feb,2023
2023-02-21,EQ,428.00,435.40,428,428.35,431.25,433.2,432.26,482.8,326.15,1023742,442526462.75,19262,1.13,4.85,7.4,Feb,2023
2023-02-20,EQ,436.95,440.20,426.2,433.8,429,428.35,432.26,482.8,326.15,410047,177246514.80,17558,-1.26,-5.45,14,Feb,2023
2023-02-17,EQ,430.25,438.75,428.6,429.7,435,433.8,434.09,482.8,326.15,1297097,563052654.35,31780,0.95,4.1,10.15,Feb,2023
2023-02-16,EQ,421.70,433.95,417.15,423.55,431,429.7,422.34,482.8,326.15,5501830,2323666050.80,56986,1.45,6.15,16.8,Feb,2023
2023-02-15,EQ,423.00,426.20,421.15,423.35,423.9,423.55,424.31,482.8,326.15,849521,360457268.35,17344,0.05,0.2,5.05,Feb,2023
2023-02-14,EQ,428.20,429.95,421,430.6,423,423.35,424.51,482.8,326.15,1435032,609182130.40,21526,-1.68,-7.25,8.95,Feb,2023
2023-02-13,EQ,437.60,438.75,426.65,437.4,428,430.6,431.25,482.8,326.15,1454979,627457548.55,53730,-1.55,-6.8,12.1,Feb,2023
2023-02-10,EQ,440.50,442.85,435.45,440.5,436.5,437.4,438.79,482.8,326.15,778807,341734262.05,37176,-0.7,-3.1,7.4,Feb,2023
2023-02-09,EQ,439.00,442.10,436.85,437.7,442,440.5,439.99,482.8,326.15,527432,232066868.20,24296,0.64,2.8,5.25,Feb,2023
2023-02-08,EQ,440.00,443.05,435.7,439.85,437.65,437.7,440.11,482.8,326.15,1123330,494386556.50,25249,-0.49,-2.15,7.35,Feb,2023
2023-02-07,EQ,440.65,442.15,435.1,440.25,438.05,439.85,439.6,482.8,326.15,953241,419042036.65,20430,-0.09,-0.4,7.05,Feb,2023
2023-02-06,EQ,432.55,442.65,432.55,435.5,440.35,440.25,438.87,482.8,326.15,402844,176796187.20,19328,1.09,4.75,10.1,Feb,2023
2023-02-03,EQ,441.00,441.55,425.05,440.95,436.3,435.5,431.33,482.8,326.15,2666546,1150160581.35,51999,-1.24,-5.45,16.5,Feb,2023
2023-02-02,EQ,440.00,443.65,434.05,441.2,441,440.95,439.18,482.8,326.15,1506582,661660061.45,49990,-0.06,-0.25,9.6,Feb,2023
2023-02-01,EQ,463.60,463.60,430.5,441.7,439.15,441.2,444.67,482.8,326.15,1613929,717668307.65,48199,-0.11,-0.5,33.1,Feb,2023
2023-01-31,EQ,440.05,447.50,434.05,439.75,444.8,441.7,439.52,482.8,326.15,1610363,707783856.85,33046,0.44,1.95,13.45,Jan,2023
2023-01-30,EQ,452.50,453.50,437.3,454.6,439,439.75,440.06,482.8,326.15,1783445,784815942.05,40824,-3.27,-14.85,16.2,Jan,2023
2023-01-27,EQ,438.95,459.80,435.85,438.15,457,454.6,447.44,482.8,326.15,2665309,1192567306.55,77269,3.75,16.45,23.95,Jan,2023
2023-01-25,EQ,434.60,440.80,425.05,434.6,436.85,438.15,429.81,482.8,326.15,2211079,950349600.00,34132,0.82,3.55,15.75,Jan,2023
2023-01-24,EQ,440.00,443.55,432.05,443.95,432.2,434.6,436.81,482.8,326.15,410812,179447987.65,19811,-2.11,-9.35,11.5,Jan,2023
2023-01-23,EQ,438.00,448.00,426.25,438.4,440.95,443.95,433.88,482.8,326.15,1537129,666926290.45,33439,1.27,5.55,21.75,Jan,2023
2023-01-20,EQ,446.00,451.10,436,446.65,438.05,438.4,442.66,482.8,326.15,1059249,468887645.05,35388,-1.85,-8.25,15.1,Jan,2023
2023-01-19,EQ,450.25,453.00,442.1,452,446.5,446.65,448.27,482.8,326.15,1277349,572591232.15,25515,-1.18,-5.35,10.9,Jan,2023
2023-01-18,EQ,455.25,455.85,445.95,453.7,450.1,452,451.71,482.8,326.15,1133398,511966365.15,55610,-0.37,-1.7,9.9,Jan,2023
2023-01-17,EQ,455.80,455.80,446,453.55,452.55,453.7,450.38,482.8,326.15,1392112,626975452.45,38569,0.03,0.15,9.8,Jan,2023
2023-01-16,EQ,453.00,459.40,451.4,453,451.85,453.55,455.21,482.8,326.15,610415,277866926.20,16493,0.12,0.55,8,Jan,2023
2023-01-13,EQ,452.60,456.80,447.25,452.9,451.65,453,450.81,482.8,326.15,1193182,537895413.85,27404,0.02,0.1,9.55,Jan,2023
2023-01-12,EQ,450.00,454.00,446.9,448.45,452.55,452.9,451.72,482.8,326.15,942839,425897591.20,25582,0.99,4.45,7.1,Jan,2023
2023-01-11,EQ,454.00,459.40,445.25,451.7,446.3,448.45,452.64,482.8,326.15,793529,359179856.00,30208,-0.72,-3.25,14.15,Jan,2023
2023-01-10,EQ,451.00,462.55,447.8,451.15,453.15,451.7,455.26,482.8,326.15,3455125,1572993016.90,77318,0.12,0.55,14.75,Jan,2023
2023-01-09,EQ,437.50,453.00,434.25,433.35,451,451.15,445.15,482.8,326.15,1901056,846253277.45,69834,4.11,17.8,18.75,Jan,2023
2023-01-06,EQ,440.05,440.40,429.25,440,433,433.35,432.06,482.8,326.15,1167423,504391104.05,42694,-1.51,-6.65,11.15,Jan,2023
2023-01-05,EQ,446.00,449.35,437.3,445.15,439.8,440,444.3,482.8,326.15,1177013,522946108.65,27806,-1.16,-5.15,12.05,Jan,2023
2023-01-04,EQ,445.00,447.95,436.85,446.55,445.4,445.15,443.35,482.8,326.15,687298,304713377.45,22179,-0.31,-1.4,11.1,Jan,2023
2023-01-03,EQ,451.15,451.15,442.5,447.6,444.5,446.55,446.83,482.8,326.15,396312,177085775.90,14228,-0.23,-1.05,8.65,Jan,2023
